,Sector,FlightTime,SG,Burnoff,FAF,DOW,ZFW,Dist,realDist,TOwt,AvgWind,ISADev,Year,Month,Date,LW,Category,Mach,M,tripFuel,calFuel,errFuel,calDist,errDist,initialClimbAlt,initialClimbW
0,HKG JFK,15.18333333,78700,124400,8800,176575,214602,7760,7167.85,347102,39,3,2017,1,1,223402,Long,0.802114313527131,0.774312808694814,123700,123485.528469049,-0.173380380720212,,,,
1,HKG JFK,15.26666667,79000,126100,7800,177084,217938,7760,7225.666667,351138,35,1,2017,1,1,225738,Long,0.804170585925771,0.770086210056873,125400,125359.257205468,-0.032490266772212,,,,
2,HKG JFK,15.35,78800,126200,8300,176977,217422,7760,7238.1,351222,34,1,2017,1,1,225722,Long,0.801181077608105,0.765905503329113,125500,125506.759342079,0.005385929943502,,,,
3,HKG JFK,15.2,78800,125300,9300,177035,217543,7776,7228.8,351443,36,0,2017,1,2,226843,Long,0.808047899565427,0.775058552005631,124600,125882.688635365,1.02944513271657,,,,
4,HKG JFK,15.3,78700,125500,8700,176499,215370,7776,7179.3,348770,39,0,2017,1,2,224070,Long,0.797269508904479,0.76999280983566,124700,124941.992096995,0.194059420204829,,,,
5,HKG JFK,15.2,78700,124800,10900,176629,215391,7776,7168,350391,40,0,2017,1,2,226291,Long,0.801251569290198,0.775058552005631,124100,126322.690008719,1.79104754933006,,,,
6,HKG JFK,15.43333333,78000,127100,11300,176927,213689,7760,7235.266667,351189,34,-1,2017,1,3,224989,Long,0.796543119450572,0.761769944620375,126200,125460.45003105,-0.586014238470389,,,,
7,HKG JFK,15.38333333,78500,125900,11400,176956,214664,7760,7267.733333,351164,32,-1,2017,1,3,226064,Long,0.802718029746285,0.764245903270815,125100,125452.862481275,0.282064333553533,,,,
8,HKG JFK,15.25,78500,125600,10500,176864,215975,7760,7211,351275,36,-1,2017,1,3,226475,Long,0.803415370732441,0.770927834498484,124800,125914.217233816,0.892802270685777,,,,
9,HKG JFK,15.13333333,78800,125300,7900,176087,218662,7760,7139.533333,351262,41,0,2017,1,4,226562,Long,0.80158524046188,0.776871110926748,124700,126172.772871368,1.1810528238716,,,,
10,HKG JFK,15.93333333,79100,132000,8300,176462,211782,8841,7518.533334,351282,83,8,2017,1,4,220082,Long,0.801753698711686,0.840652671461537,131200,144629.850252227,10.2361663507826,,,,
11,HKG JFK,15.83333333,79000,131100,7200,177172,213658,8841,7526.833334,351258,83,7,2017,1,4,220858,Long,0.807708083251399,0.845962056756096,130400,144924.043214043,11.1380699494199,,,,
12,HKG JFK,15.28333333,78700,126700,6900,176254,217972,7766,7276.933333,350972,32,1,2017,1,5,224872,Long,0.808993058925908,0.769841199884095,126100,124552.015097102,-1.22758517279741,,,,
13,HKG JFK,15.66666667,78900,129100,7900,176316,214974,8081,7313.333333,351074,49,1,2017,1,5,222874,Long,0.793146203209979,0.78146647616938,128200,131341.87014689,2.4507567448441,,,,
14,HKG JFK,15.58333333,78900,127400,8000,176411,213931,8081,7301.833334,348731,50,1,2017,1,5,221931,Long,0.796133758712728,0.785645441617796,126800,129966.651334758,2.49735909681195,,,,
15,HKG JFK,15.93333333,78700,131200,7400,176391,213234,8750,7523.133334,351234,77,5,2017,1,6,220634,Long,0.802244228823663,0.831999872784577,130600,143014.533087548,9.50576806090944,,,,
16,HKG JFK,15.08333333,78600,123800,9400,176629,218587,7467,7059.75,351187,27,-3,2017,1,6,227987,Long,0.795255127156335,0.75001624700222,123200,121705.453471471,-1.21310594848143,,,,
17,HKG JFK,14.96666667,78800,122400,8800,176177,219243,7489,7069.933333,349843,28,-3,2017,1,6,228043,Long,0.802610277491939,0.758089694512299,121800,121365.417971784,-0.356799694758247,,,,
18,HKG JFK,15.95,78900,131100,10200,176977,210753,8632,7499.55,351153,71,4,2017,1,7,220953,Long,0.798893710275805,0.819922100941339,130200,141077.639885588,8.35456212410744,,,,
19,HKG JFK,15.95,78800,134400,4200,176194,213497,8112,7410.2,351397,44,0,2017,1,7,217697,Long,0.789375652123896,0.770529203294271,133700,128203.945130192,-4.11073662663254,,,,
20,HKG JFK,15.8,78800,135100,4900,176665,212041,8112,7385.2,351241,46,1,2017,1,7,216941,Long,0.794181302984554,0.777844353958457,134300,126668.326186618,-5.68255682306903,,,,
21,HKG JFK,15.46666667,78800,127600,11200,176397,213237,8213,7331.4,351337,57,3,2017,1,8,224437,Long,0.805387108315518,0.804501661869126,126900,134077.432452672,5.6559751400098,,,,
22,HKG JFK,14.8,78800,121800,9800,176900,219248,7411,6819,349748,40,-2,2017,1,8,229048,Long,0.782840813290354,0.758642111899128,120700,124910.446591242,3.48835674502208,,,,
23,HKG JFK,15.41666667,78100,127900,7300,177389,216165,8651,7309.75,350765,87,2,2017,1,8,223465,Long,0.805613111621276,0.85015414819532,127300,143229.941619003,12.513701193247,,,,
24,HKG JFK,15.25,78800,126900,8100,176145,217063,8668,7143,351263,100,3,2017,1,9,225163,Long,0.795839133704317,0.861134338844441,126100,146774.646913472,16.3954376792006,,,,
25,HKG JFK,15.25,78800,125800,7000,176875,216498,8668,7143,348698,100,3,2017,1,9,223498,Long,0.795839133704317,0.861134338844441,125200,145028.065290186,15.837112851586,,,,
26,HKG JFK,15.4,78700,126600,8600,176411,214851,8710,7262.4,349251,94,3,2017,1,10,223451,Long,0.801260860240676,0.856878572573699,125800,144992.347008612,15.2562376857007,,,,
27,HKG JFK,15.28333333,78800,126700,8600,176087,216475,8710,7258.083334,351175,95,4,2017,1,10,225075,Long,0.80689746201824,0.86341963056792,126100,146069.999321073,15.8366370508112,,,,
28,HKG JFK,15.21666667,78800,127600,7600,176543,216451,8710,7233.983333,351051,97,4,2017,1,10,224051,Long,0.807741619811674,0.867202410607511,127000,145099.123437871,14.2512782975365,,,,
29,HKG JFK,14.83333333,78800,123600,12600,176391,215321,7760,7033.166667,350921,49,0,2017,1,11,227921,Long,0.805613318414363,0.79258311092655,123000,126952.908464766,3.2137467193222,,,,
30,HKG JFK,14.86666667,78800,120100,9500,176015,214227,7760,7016.666667,343127,50,0,2017,1,11,223727,Long,0.801921257052146,0.790806018394565,119400,123738.680521585,3.63373578022181,,,,
31,HKG JFK,14.96666667,78500,124200,14200,176332,213079,7760,7026.633333,350879,49,-1,2017,1,11,227279,Long,0.797694668895152,0.785522236535644,123600,127232.335739626,2.93878296086216,,,,
32,HKG JFK,15.15,78600,123500,8400,176254,214916,8051,7142,346016,60,1,2017,1,12,223316,Long,0.800980046628516,0.805117084584535,122700,129884.339180964,5.8552071564498,,,,
33,HKG JFK,14.83333333,78800,122700,9500,176543,216532,7760,6988.666667,348132,52,-1,2017,1,12,226032,Long,0.800516070707941,0.79258311092655,122100,125991.618014103,3.18723834078845,,,,
34,HKG JFK,14.86666667,78800,121900,9200,176584,216578,7760,6957.2,347078,54,-1,2017,1,12,225778,Long,0.795124926776917,0.790806018394565,121300,126352.603513024,4.16537799919567,,,,
35,HKG JFK,14.48333333,79000,121100,9500,176972,219225,7760,6862.033334,348925,62,-1,2017,1,13,228725,Long,0.80500537810882,0.811736442725501,120200,127659.886387604,6.20622827587716,,,,
36,HKG JFK,14.7,78500,121500,8700,176875,219683,7776,6864.6,349083,62,-1,2017,1,13,228383,Long,0.793436884478562,0.801421087788136,120700,129355.049567182,7.17071215176595,,,,
37,HKG JFK,14.56666667,78800,118600,9400,176194,215105,7776,6887.433333,342405,61,-1,2017,1,13,224505,Long,0.80336278609606,0.80875674973385,117900,124647.010267217,5.72265501884361,,,,
38,HKG JFK,14.9,79000,122600,9500,176462,214867,8141,7023.5,346167,75,1,2017,1,14,224367,Long,0.800906471276399,0.827776961400275,121800,132810.048562863,9.03944873798272,,,,
39,HKG JFK,14.98333333,79000,125000,9300,176087,216147,8141,7017.25,349747,75,1,2017,1,14,225447,Long,0.795743303161772,0.82317308526861,124300,134575.745265917,8.26689080122005,,,,
40,HKG JFK,15.03333333,79200,125100,7500,176332,219534,8141,7073.633334,351334,71,1,2017,1,14,227034,Long,0.799469208283918,0.820435259042054,124300,135425.424161054,8.95046191557038,,,,
41,HKG JFK,14.5,79000,122000,11000,177713,218401,7795,6968.5,350701,57,1,2017,1,15,229401,Long,0.816555646947169,0.814460386297673,121300,129479.066453784,6.74284126445497,,,,
42,HKG JFK,14.75,78800,122700,8600,176664,219235,7760,6963.5,349735,54,0,2017,1,15,227835,Long,0.802139760534909,0.797060981430636,121900,127166.352811612,4.32022379951804,,,,
43,HKG JFK,14.95,78700,124200,8800,177062,218515,8290,7049.15,350915,83,3,2017,1,15,227315,Long,0.801143002669449,0.840108128097823,123600,138939.038808666,12.410225573354,,,,
44,HKG JFK,15,78700,124100,10200,176721,215090,8341,7126,348790,81,4,2017,1,16,225290,Long,0.80717749235474,0.84245887697737,123500,137668.456039116,11.4724340397703,,,,
45,HKG JFK,15.05,79200,125900,10100,176661,215843,8341,7106.9,351143,82,4,2017,1,16,225943,Long,0.802339528787832,0.839660010276448,125200,138714.223712277,10.7941083963873,,,,
46,HKG JFK,14.96666667,78700,124500,9300,176408,214783,8341,7158.633333,347883,79,4,2017,1,16,224083,Long,0.812679895990656,0.84433517718348,123800,136737.890724457,10.4506387111934,,,,
47,HKG JFK,14.96666667,78500,123800,11000,177018,216898,7766,7062.566667,351198,47,-2,2017,1,17,227898,Long,0.801773980719442,0.786129599089666,123300,127389.668221972,3.31684365123424,,,,
48,HKG JFK,14.9,79200,123100,10900,177172,215964,7760,7029.9,349264,49,-2,2017,1,17,226864,Long,0.801636278554276,0.78903687759073,122400,126390.422914553,3.26014943999418,,,,
49,HKG JFK,15.03333333,78200,123100,9800,176574,215464,7760,7068.466667,347664,46,-2,2017,1,17,225264,Long,0.798885266371565,0.782038767985056,122400,125379.587720373,2.43430369311552,,,,
50,HKG JFK,15.26666667,79100,127100,8700,177084,216042,8709,7304.466666,351042,92,7,2017,1,18,224742,Long,0.812940523004589,0.864262990126973,126300,145893.974088399,15.5138353827388,,,,
51,HKG JFK,15.25,78700,127700,8500,176191,215837,8683,7188.5,351337,98,8,2017,1,18,224337,Long,0.800908527598135,0.862624534400817,127000,145294.151692066,14.4048438520206,,,,
52,HKG JFK,15.16666667,79100,127100,9300,176954,214970,8683,7211.833333,350770,97,8,2017,1,18,224270,Long,0.807923096872612,0.867364229454148,126500,144599.667436892,14.3080374995196,,,,
53,HKG JFK,15.2,79100,127800,7700,176927,216266,8646,7217.2,351166,94,7,2017,1,19,223966,Long,0.806751231289232,0.861774207901323,127200,143692.893381634,12.9661111490833,,,,
54,HKG JFK,15.21666667,78600,127800,9000,176316,215213,8646,7230.85,351113,93,7,2017,1,19,224213,Long,0.807391753961174,0.860830314823484,126900,143681.12272305,13.2238949748228,,,,
55,HKG JFK,15.21666667,79100,126400,10600,176168,212919,8646,7230.85,349019,93,7,2017,1,19,223519,Long,0.807391753961174,0.860830314823484,125500,143024.105689303,13.9634308281296,,,,
56,HKG JFK,15.06666667,79000,126000,10200,176900,215798,8524,7198.133333,351298,88,5,2017,1,20,225998,Long,0.81174045606727,0.857132789938087,125300,142696.991732447,13.8842711352329,,,,
57,HKG JFK,15.13333333,78700,126800,10900,176954,210849,8524,7192.266667,347749,88,6,2017,1,20,221749,Long,0.80750583216327,0.85335687494067,126000,138542.469685672,9.95434102037496,,,,
58,HKG JFK,15.1,79100,125600,11600,176502,213816,8524,7210.3,350116,87,6,2017,1,20,225416,Long,0.811317552706726,0.855240664763198,124700,142095.86695008,13.9501739776101,,,,
59,HKG JFK,15.36666667,79100,129200,7900,176499,215016,8578,7210.366666,351516,89,7,2017,1,21,222916,Long,0.797245660404421,0.845723152135591,128600,142012.030256816,10.4292614749732,,,,
60,HKG JFK,15.21666667,78900,124300,9200,176015,214633,7760,7151.333333,347433,40,1,2017,1,21,223833,Long,0.798512977492396,0.772616613813351,123600,124251.806420847,0.527351473177262,,,,
61,HKG JFK,15.18333333,78200,127000,12500,176945,212464,7760,7152.666667,350864,40,2,2017,1,21,224964,Long,0.800415230958324,0.774312808694814,125900,124964.983762447,-0.742665796309028,,,,
62,HKG JFK,15.18333333,78900,126600,12800,177028,212094,8105,7209.183334,350594,59,4,2017,1,22,224894,Long,0.806739697477037,0.808737798256632,125700,131997.471328537,5.00992150241628,,,,
63,HKG JFK,15.05,78900,126400,14900,176584,210278,8596,7211.4,350978,92,7,2017,1,22,225178,Long,0.814137145295498,0.865329990209369,125800,143779.54639566,14.2921672461527,,,,
64,HKG JFK,15.03333333,78800,127200,10300,176972,214503,8596,7167.833334,351203,95,7,2017,1,22,224803,Long,0.810115787761949,0.866289336288601,126400,143124.864982537,13.2316969798555,,,,
65,HKG JFK,14.93333333,78700,126000,8700,176316,217245,8617,7183.4,351345,96,7,2017,1,23,225945,Long,0.81731181214545,0.874220894912524,125400,145403.552883808,15.951796558061,,,,
66,HKG JFK,15.01666667,78700,126800,13800,176087,210769,8617,7190.416666,350669,95,7,2017,1,23,224569,Long,0.813570141012996,0.86936950221188,126100,143712.065597222,13.9667451207155,,,,
67,HKG JFK,15.05,78500,125700,12900,176177,213156,8617,7172.2,351156,96,7,2017,1,23,226056,Long,0.809711627906977,0.867443988556786,125100,144820.769917862,15.7640047305051,,,,
68,HKG JFK,15.15,78600,126400,12300,176254,213436,8556,7237.95,351336,87,5,2017,1,24,225736,Long,0.811740902897629,0.855618156217275,125600,143194.651616913,14.0084805867142,,,,
69,HKG JFK,15.25,78800,125500,8600,175883,216405,8180,7127.75,349805,69,3,2017,1,24,225005,Long,0.794140051135509,0.81265331007701,124800,135389.903823732,8.4854998587595,,,,
70,HKG JFK,15.1,78800,125700,9000,176816,217234,8180,7138.1,351234,69,3,2017,1,24,226234,Long,0.803193462543289,0.820726025077775,125000,135109.102041268,8.08728163301435,,,,
71,HKG JFK,14.96666667,78600,123600,9200,177253,216274,8261,7078.633333,348274,79,3,2017,1,25,225474,Long,0.803597940168319,0.836237009796515,122800,136230.338277495,10.9367575549637,,,,
72,HKG JFK,15.03333333,78800,125000,9400,176900,216987,8626,7122.666667,350587,100,4,2017,1,25,226387,Long,0.805011005322049,0.869312682041121,124200,145463.691080746,17.1205242196025,,,,
73,HKG JFK,14.98333333,78700,124600,8400,176632,217291,8626,7157.633334,349591,98,4,2017,1,25,225691,Long,0.811662516162955,0.872213614239901,123900,144759.843125532,16.8360315783149,,,,
74,HKG JFK,14.9,78700,125100,9200,176492,217332,8649,7144.1,351032,101,7,2017,1,26,226532,Long,0.814658777168893,0.879430406479668,124500,146418.555470319,17.6052654380069,,,,
75,HKG JFK,15.31666667,78900,128000,8100,176655,215761,8649,7178.6,350961,96,7,2017,1,26,223861,Long,0.796324317208416,0.855506837020372,127100,144844.730615756,13.9612357323018,,,,
76,HKG JFK,15.4,78900,129700,6100,176927,215695,8649,7216.8,350695,93,7,2017,1,26,221795,Long,0.796229810556416,0.850877471204355,128900,142753.341582905,10.7473557664123,,,,
77,HKG JFK,15.33333333,78900,126300,7800,176462,216426,7630,7124,349826,33,-2,2017,1,27,224226,Long,0.789408536282723,0.753893171690033,125600,123322.676221849,-1.81315587432367,,,,
78,HKG JFK,15.1,78500,126100,7200,177389,216136,7760,7171.1,348736,39,1,2017,1,27,223336,Long,0.806906689349292,0.778586058019992,125400,123236.162489229,-1.72554825420311,,,,
79,HKG JFK,14.96666667,78800,125400,11900,176499,214241,7760,7146.366667,350841,41,2,2017,1,27,226141,Long,0.811287329445611,0.785522236535644,124700,125528.484455344,0.664382081270309,,,,
80,HKG JFK,15,79000,122400,9200,177172,214212,7789,7084,345212,47,1,2017,1,28,223412,Long,0.802420061162079,0.786705693894824,121800,124142.071223201,1.92288277766881,,,,
81,HKG JFK,15.2,78900,124300,8900,176226,211475,7789,7150.6,344075,42,3,2017,1,28,220375,Long,0.799306566875905,0.776354303185682,123700,122018.535156654,-1.35930868500087,,,,
82,HKG JFK,14.98333333,79000,124400,9700,176629,216078,7789,7174.683333,349378,41,3,2017,1,28,225778,Long,0.813595954927034,0.787580783829653,123600,126012.33044373,1.95172365997534,,,,
83,HKG JFK,15.11666667,79000,125400,9100,176900,217530,8127,7250.233333,351130,58,1,2017,1,29,226630,Long,0.814911471228737,0.814509345450716,124500,134385.278110568,7.93998241812679,,,,
84,HKG JFK,14.96666667,78900,124800,9300,177470,215894,8127,7169.133333,349294,64,1,2017,1,29,225194,Long,0.813871902698014,0.822672579423348,124100,133014.295475723,7.18315509727892,,,,
85,HKG JFK,15.13333333,79000,124300,9400,175802,216102,8127,7128.2,349102,66,1,2017,1,29,225502,Long,0.80031279978066,0.813612309085268,123600,133583.797545747,8.07750610497333,,,,
86,HKG JFK,14.55,79000,119800,15200,176087,212514,8059,6865.9,346814,82,1,2017,1,30,227714,Long,0.801768454238784,0.839150796470623,119100,133855.370925851,12.389060391143,,,,
87,HKG JFK,14.16666667,78900,117500,10900,176972,215140,8059,6769.833333,342940,91,2,2017,1,30,226040,Long,0.811941586388872,0.861857229584097,116900,132085.425498106,12.9900988007749,,,,
88,HKG JFK,14.2,78600,118900,10300,176316,220124,8059,6766.8,348624,91,2,2017,1,30,230424,Long,0.809672670887712,0.859834090749828,118200,135875.881436474,14.9542144132607,,,,
89,HKG JFK,14.56666667,79200,119000,16800,177303,207758,8081,6901.1,342858,81,3,2017,1,31,224558,Long,0.804956891015175,0.840478818749902,118300,131244.938434634,10.9424669777123,,,,
90,HKG JFK,14.91666667,79100,121200,9600,176502,212430,8127,7067.916666,342530,71,3,2017,1,31,222030,Long,0.805070882884728,0.825430141141469,120500,130188.501840588,8.04025049011432,,,,
91,HKG JFK,14.96666667,79100,120600,8800,176226,210544,8063,7045.266666,339244,68,3,2017,2,1,219344,Long,0.799810007764915,0.816194045513776,119900,126929.660626412,5.8629363022616,,,,
92,HKG JFK,15.05,78100,123000,10200,177389,209674,8131,7182.85,342174,63,2,2017,2,1,219874,Long,0.810913968728093,0.818520026802278,122300,128348.441551498,4.94557771994948,,,,
93,HKG JFK,15.03333333,79000,124200,9800,176316,215915,8131,7183.9,349215,63,1,2017,2,1,225715,Long,0.811931658699664,0.819427477124548,123500,133412.466269521,8.02628847734514,,,,
94,HKG JFK,15.06666667,79300,121500,9800,176543,209274,8126,7131.6,339874,66,3,2017,2,2,219074,Long,0.804237427742378,0.81711180795834,120800,127650.289153687,5.67076916695906,,,,
95,HKG JFK,15.33333333,79100,125200,9100,176875,213314,8670,7198,347014,96,5,2017,2,2,222414,Long,0.79760845653115,0.856651873991165,124600,143602.672717493,15.2509411857887,,,,
96,HKG JFK,15.31666667,78500,124400,9600,176900,211186,8670,7214.916666,344486,95,5,2017,2,2,220786,Long,0.800352936269314,0.857584030173041,123700,141537.023946608,14.4195828185996,,,,
97,HKG JFK,15.21666667,79000,120600,9400,176927,205194,8154,7134.483333,334494,67,3,2017,2,3,214594,Long,0.79663151803362,0.811844828483771,119900,125320.180842592,4.52058452259512,,,,
98,HKG JFK,15.26666667,78900,125900,8300,177389,213818,8154,7161.666666,347418,65,2,2017,2,3,222118,Long,0.797047794361371,0.80918594804172,125300,131608.313385713,5.03456774597983,,,,
99,HKG JFK,15.31666667,78900,118200,9900,176629,199841,8154,7189.05,327241,63,3,2017,2,3,209741,Long,0.797483538951207,0.806544426993192,117500,121479.465904157,3.38677949289947,,,,
100,HKG JFK,15.08333333,78900,120100,10700,176087,203845,8678,7245.083334,333845,95,4,2017,2,4,214545,Long,0.816132252230833,0.871654076802634,119300,135921.489959772,13.9325146351821,,,,
101,HKG JFK,15.11666667,79100,124000,9300,176246,212063,8747,7205.1,344663,102,5,2017,2,4,221363,Long,0.809838576399335,0.876647378449294,123300,143274.189994341,16.1996674731067,,,,
102,HKG JFK,15.16666667,78800,122400,9600,176254,209151,8747,7215.166666,340351,101,5,2017,2,4,218751,Long,0.808296521611433,0.873757332147349,121600,140761.737655265,15.7580079401847,,,,
103,HKG JFK,15.33333333,79000,123200,10100,176954,208591,8254,7134.666667,341191,73,3,2017,2,5,218691,Long,0.790590506780403,0.815548393070712,122500,131943.641192864,7.70909485131757,,,,
104,HKG JFK,15.06666667,79100,121700,9300,176177,210216,8883,7075,340416,120,5,2017,2,5,219516,Long,0.797854590993768,0.893232117904742,120900,145615.950061744,20.4433002992091,,,,
105,HKG JFK,14.96666667,79000,113600,10700,176937,196297,8831,7064.933333,319897,118,6,2017,2,5,206997,Long,0.802042655218985,0.893936452428643,112900,132461.83268527,17.3266897123735,,,,
106,HKG JFK,15.1,78500,120100,9400,176580,205156,7766,7146.9,333856,41,2,2017,2,6,214556,Long,0.804183656358223,0.779188057549389,119300,116899.404410477,-2.01223435835997,,,,
107,HKG JFK,15.28333333,78700,122500,9600,175779,209950,8880,7244.683334,341450,107,4,2017,2,6,219550,Long,0.805407753859526,0.88027167846649,121900,144623.72971035,18.6412877033221,,,,
108,HKG JFK,15.45,78600,127900,8900,176411,215178,8880,7304.1,351278,102,4,2017,2,6,224078,Long,0.803253656364122,0.870775759415013,127200,149397.151824629,17.4505910570984,,,,
109,HKG JFK,15.38333333,78600,121800,11200,175802,207335,8841,7271.9,339635,102,5,2017,2,7,218535,Long,0.803178236318421,0.870708509125937,121100,142948.887355927,18.0420209380073,,,,
110,HKG JFK,15.48333333,78700,120000,10300,177084,199936,8841,7277.183334,328436,101,5,2017,2,7,210236,Long,0.798570636485418,0.865084988075474,118200,135781.84356452,14.874656145956,,,,
111,HKG JFK,15.4,78000,122000,8600,176499,203165,8184,7183,333065,65,5,2017,2,8,211765,Long,0.792500655307995,0.80513137060197,121300,124190.255692923,2.38273346489914,,,,
112,HKG JFK,15.11666667,78800,123500,10900,176864,211525,8184,7171.183333,345225,67,3,2017,2,8,222425,Long,0.806026412105104,0.82022203558123,122800,131636.273149139,7.19566217356562,,,,
113,HKG JFK,15.05,78500,123000,11500,176087,211386,8184,7175.65,345186,67,3,2017,2,8,222886,Long,0.810101118595507,0.823855355964806,122300,132020.532628675,7.94810517471418,,,,
114,HKG JFK,14.61666667,78400,121300,19900,177577,205697,7766,6962.083333,345897,55,3,2017,2,9,225597,Long,0.809292207382551,0.804953682986038,120300,125143.863549224,4.02648674083479,,,,
115,HKG JFK,14.63333333,79200,122300,12900,176502,215961,7766,6917.266667,350561,58,2,2017,2,9,228861,Long,0.803166780418981,0.804036879613387,121700,128064.991613956,5.23006706159066,,,,
116,HKG JFK,14.51666667,79000,112400,9200,177084,202865,8145,6896.566666,323765,86,4,2017,2,10,212065,Long,0.807198820076235,0.850053055152229,111700,122402.707982237,9.58165441561019,,,,
117,HKG JFK,14.71666667,79000,119200,9200,176927,211720,8145,6849.933333,339320,88,4,2017,2,10,220920,Long,0.790845004826125,0.838500805254702,118400,131502.83603932,11.0665844926691,,,,
118,HKG JFK,14.55,78800,113800,8200,176956,205697,8145,6835.5,327097,90,5,2017,2,10,213897,Long,0.798218481036602,0.848105625667356,113200,124419.600801191,9.91130812826062,,,,
119,HKG JFK,14.26666667,78900,115200,9400,177058,211753,8258,6774.266666,335753,104,6,2017,2,11,221153,Long,0.806778392979509,0.876948748834476,114600,132134.957462946,15.3010100025707,,,,
120,HKG JFK,14.33333333,78900,117100,9200,176412,210887,8258,6781.666667,336487,103,6,2017,2,11,220087,Long,0.803903136562195,0.872869917851483,116400,131380.59181637,12.8699242408673,,,,
121,HKG JFK,14.36666667,78800,114900,10000,176629,207866,8258,6792.6,331966,102,6,2017,2,11,217866,Long,0.803330968929833,0.870844697219875,114100,129521.424683149,13.5157096258972,,,,
122,HKG JFK,14.28333333,78800,116900,12300,176420,210879,8305,6848.1,339379,102,6,2017,2,12,223179,Long,0.814619883972646,0.880910758476094,116200,135272.024316561,16.4131018214808,,,,
123,HKG JFK,14.58333333,78800,119600,11900,176254,210915,8305,6890.416667,341815,97,6,2017,2,12,222815,Long,0.802792241374508,0.862789165726158,119000,134907.899013323,13.3679823641366,,,,
124,HKG JFK,14.73333333,79200,117000,7600,176015,207465,8305,6934.8,331265,93,6,2017,2,12,215065,Long,0.799737407331967,0.854005113131936,116200,128517.386688115,10.6001606610282,,,,
125,HKG JFK,14.58333333,78700,121100,14600,176816,206993,7760,6972.5,341893,54,2,2017,2,13,221593,Long,0.812355648961568,0.806170249974111,120300,121965.130041553,1.38414799796629,,,,
126,HKG JFK,14.83333333,78800,122100,9100,176584,215092,7776,6989.833334,345692,53,1,2017,2,13,224192,Long,0.800649706416012,0.794217302907842,121500,124657.111445805,2.59844563440708,,,,
127,HKG JFK,15.03333333,79100,123200,10200,176194,207493,8717,7168.566667,339993,103,9,2017,2,14,217693,Long,0.810198669841509,0.87848349749043,122300,139146.51174866,13.7747438664435,,,,
128,HKG JFK,15.06666667,78900,120200,10300,176226,202289,8717,7210.333333,332189,100,9,2017,2,14,212589,Long,0.813116261859321,0.876539949541331,119600,134748.73902403,12.6661697525331,,,,
129,HKG JFK,15.03333333,79200,122100,10000,177389,205324,8717,7243.733334,336724,98,9,2017,2,14,215324,Long,0.818694082685545,0.87848349749043,121400,137787.634807503,13.4988754592283,,,,
130,HKG JFK,15.11666667,79100,123000,11000,176316,205330,8733,7296.916666,338630,95,10,2017,2,15,216330,Long,0.820158582873287,0.875244261575132,122300,139266.739750374,13.8730496732408,,,,
131,HKG JFK,15.15,78800,125200,10600,176411,209767,8733,7278.6,344767,96,10,2017,2,15,220367,Long,0.816299827413934,0.873318531819245,124400,142533.065657895,14.5764193391442,,,,
132,HKG JFK,15.36666667,78700,123100,9800,176937,208822,7760,7237.533333,340822,34,2,2017,2,16,218622,Long,0.800249461494708,0.765074803051082,122200,120006.963689843,-1.79462873171591,,,,
133,HKG JFK,15.31666667,78900,127100,9700,176864,213344,8774,7288.283333,349344,97,10,2017,2,16,223044,Long,0.808491523283006,0.867871081976731,126300,145595.093164944,15.2771917378814,,,,
134,HKG JFK,15.21666667,78900,128800,8200,177389,215192,8774,7297.983333,351292,97,10,2017,2,16,223392,Long,0.814887815937403,0.873574506391539,127900,146278.041996604,14.3690711466805,,,,
135,HKG JFK,15.1,78800,121200,10200,176655,206369,7760,7201.3,336969,37,3,2017,2,17,216569,Long,0.810304854486907,0.778586058019992,120400,118094.339772399,-1.9150001890371,,,,
136,HKG JFK,15.01666667,78800,123600,10300,176954,210167,7760,7144.316667,343467,41,3,2017,2,17,220467,Long,0.808354089552477,0.782906735193709,123000,120964.182881922,-1.65513586835612,,,,
137,HKG JFK,15.03333333,78900,120000,10000,176900,205937,7760,7128.6,334937,42,4,2017,2,17,215937,Long,0.805681596646794,0.782038767985056,119000,117649.350113953,-1.13499990424094,,,,
138,HKG JFK,15.05,78900,120300,8100,177504,205681,8138,7084.5,333281,70,5,2017,2,18,213781,Long,0.799810661708677,0.819224692918083,119500,124040.26672768,3.79938638299555,,,,
139,HKG JFK,15,78900,120500,10000,177084,209772,8196,7101,339672,73,4,2017,2,18,219772,Long,0.804345688073394,0.827813566203875,119900,129723.488626799,8.19306807906521,,,,
140,HKG JFK,14.95,78500,119000,9200,176015,208353,8196,7119.6,336053,72,4,2017,2,18,217553,Long,0.809149716179313,0.830582173448704,118500,127762.221965401,7.81622106784894,,,,
141,HKG JFK,15.06666667,79000,123900,8700,177389,210113,8089,7215.133333,342013,58,3,2017,2,19,218813,Long,0.813657562516379,0.813391264407459,123200,126752.643707076,2.88363937262688,,,,
142,HKG JFK,15.15,79000,123800,9000,176502,212069,8034,7170.45,344169,57,3,2017,2,19,221069,Long,0.804170733036606,0.803417048509769,123100,127424.851359027,3.51328298864892,,,,
143,HKG JFK,15.01666667,79100,118600,9700,176254,203130,8034,7178.05,330730,57,3,2017,2,19,212830,Long,0.812170896559209,0.810550607029157,117900,120880.979512576,2.52839653314307,,,,
144,HKG JFK,15.13333333,79300,126400,9400,176194,215103,8061,7183.266667,350303,58,2,2017,2,20,224503,Long,0.80649536454482,0.807004900152128,125800,130666.146359256,3.86816085791433,,,,
145,HKG JFK,15.25,78900,126500,7900,176927,217126,7760,7150,351226,40,2,2017,2,20,225026,Long,0.796619040457212,0.770927834498484,126200,125482.325177711,-0.568680524793153,,,,
146,HKG JFK,15.11666667,78900,124700,9800,176412,213564,8117,7149.533333,347364,64,1,2017,2,20,223364,Long,0.803592996167536,0.813507119112029,124000,131118.456172087,5.74069046136074,,,,
147,HKG JFK,15.26666667,78500,122300,9400,176584,207928,8068,7197.8,339028,57,2,2017,2,21,217328,Long,0.801069203762123,0.800651487466347,121700,125286.019254078,2.94660579628396,,,,
148,HKG JFK,15.3,78900,127600,8600,176246,215691,8050,7239.1,351091,53,1,2017,2,21,224291,Long,0.803910367572105,0.797124758124622,126800,130408.994301724,2.84621001713237,,,,
149,HKG JFK,15.35,78700,125700,10100,176462,212067,8050,7282.5,347167,50,1,2017,2,21,222167,Long,0.806095687774557,0.794528260541155,125000,128478.359248571,2.78268739885692,,,,
150,HKG JFK,15.28333333,78900,122500,9000,176937,205826,7766,7246.366667,336526,34,4,2017,2,22,214826,Long,0.805594893788294,0.769841199884095,121700,116975.486837605,-3.88209791486845,,,,
151,HKG JFK,15.13333333,79100,124500,7600,177028,214890,7760,7215.2,346390,36,3,2017,2,22,222490,Long,0.810080653305917,0.776871110926748,123900,122561.179368592,-1.08056548136265,,,,
152,HKG JFK,15.18333333,79000,124300,8100,176145,211335,7760,7183.033333,343035,38,3,2017,2,22,219435,Long,0.803813396095939,0.774312808694814,123600,120335.84383138,-2.64090304904554,,,,
153,HKG JFK,14.93333333,79000,116800,8500,175779,206197,7766,7034.266667,330797,49,3,2017,2,23,214697,Long,0.800343742005882,0.787884353010406,116100,117232.47968501,0.975434698544086,,,,
154,HKG JFK,14.93333333,78800,121200,9100,176412,210747,7760,6998.4,340147,51,3,2017,2,23,219847,Long,0.796262909764576,0.787275634736125,120300,121340.667906982,0.865060604307155,,,,
155,HKG JFK,14.76666667,79000,118600,9900,176177,212701,7760,6962.6,340401,54,3,2017,2,23,222601,Long,0.801130854894021,0.796161363890385,117800,123006.756685311,4.4199971861719,,,,
156,HKG JFK,14.58333333,78600,118000,9100,176864,211566,7789,6899.416667,337966,61,2,2017,2,24,220666,Long,0.803840818031802,0.809182999619633,117300,121873.702917306,3.89914997212797,,,,
157,HKG JFK,14.5,78800,120100,9700,176574,216698,7805,6819,345898,68,2,2017,2,24,226398,Long,0.799037519772224,0.815505236055592,119500,127282.556850606,6.51259987498449,,,,
158,HKG JFK,14.56666667,78500,117000,8200,176735,212328,7805,6829.033333,336928,67,3,2017,2,24,220528,Long,0.796550903576864,0.811772946459966,116400,122785.923914589,5.48618893005892,,,,
159,HKG JFK,14.6,78800,122600,13400,177663,215573,7766,6890,350973,60,2,2017,2,25,228973,Long,0.801827321854971,0.805872580068204,122000,128299.055660802,5.16316037770628,,,,
160,HKG JFK,14.51666667,78800,121900,10200,176927,217806,7766,6909.516666,349306,59,3,2017,2,25,228006,Long,0.808714534387182,0.810498714096035,121300,127108.005839507,4.78813342086306,,,,
161,HKG JFK,14.28333333,78800,114600,9800,175802,214944,7760,6774.45,338644,69,3,2017,2,26,224744,Long,0.805858803593969,0.823102647293738,113900,124355.179055947,9.17926168213055,,,,
162,HKG JFK,14.36666667,78800,117000,10600,176977,216691,7766,6760.333333,343691,70,2,2017,2,26,227291,Long,0.799514931990653,0.818960997651919,116400,127127.523939368,9.21608585856331,,,,
163,HKG JFK,14.33333333,78800,116100,9700,176412,213084,7766,6762.666667,338384,70,2,2017,2,26,222784,Long,0.80165086430626,0.82086555849293,115600,122883.76124283,6.30083152493954,,,,
164,HKG JFK,14.4,78700,118700,10000,176927,216173,7766,6815.6,344173,66,1,2017,2,27,226173,Long,0.804185219164118,0.817065254791373,118000,125732.893089893,6.55329922872296,,,,
165,HKG JFK,14.7,78800,123100,9400,176972,213224,7766,6884,345124,60,1,2017,2,27,222624,Long,0.795679211133995,0.800390453673182,122500,123756.887935228,1.02603096753275,,,,
166,HKG JFK,14.68333333,78800,117600,8900,175802,212892,7766,6929.05,338892,57,1,2017,2,27,221792,Long,0.801795328698523,0.801298956072652,117100,122434.981293306,4.55591912323317,,,,
167,HKG JFK,15.11666667,79000,122700,9700,176087,213420,8030,7092.766666,345220,62,-2,2017,2,28,223120,Long,0.797212538364446,0.804787749965454,122100,129714.695166953,6.23644157817613,,,,
168,HKG JFK,15.38333333,79000,125900,13800,176977,212475,8030,7153.15,351175,57,-2,2017,2,28,226275,Long,0.790062349730482,0.790836933410392,124900,134173.023154696,7.42435801016501,,,,
169,HKG JFK,15.08333333,78700,124300,13000,176177,214552,8030,7170.25,351452,57,-2,2017,2,28,227552,Long,0.807702549746254,0.806566286785567,123900,132547.5225136,6.97943705698179,,,,
170,HKG JFK,15.15,78800,125100,13200,177604,213750,8152,7121.8,351250,68,-2,2017,3,1,226950,Long,0.798714603203439,0.815217298911083,124300,135660.67811893,9.13972495489099,,,,
171,HKG JFK,15.13333333,78800,123500,9600,176900,216390,8152,7047.266667,348890,73,-1,2017,3,1,225990,Long,0.791226076263515,0.816115115499336,122900,136435.365209832,11.0133158745583,,,,
172,HKG JFK,14.96666667,78200,119700,10100,177177,211041,8078,7015.366666,339841,71,0,2017,3,2,221141,Long,0.796415626775181,0.817712451898832,118700,129169.582084198,8.82020394624936,,,,
173,HKG JFK,15.03333333,78800,121900,8900,175779,215719,8078,7025.666667,345819,70,-1,2017,3,2,224619,Long,0.794047967004038,0.814086232961763,121200,132691.360403604,9.48132046501953,,,,
174,HKG JFK,14.96666667,78900,123400,8600,176332,216924,8078,7075.233333,348124,67,0,2017,3,2,225524,Long,0.803211957050411,0.817712451898832,122600,132161.716828989,7.79911649999063,,,,
175,HKG JFK,15.16666667,78300,122900,10200,176499,209625,8047,7137,341925,60,0,2017,3,3,219825,Long,0.799539711466354,0.803832771440461,122100,127013.588167825,4.02423273368135,,,,
176,HKG JFK,15,78600,123300,9900,176087,213759,7766,7076,346359,46,1,2017,3,3,223659,Long,0.801513883792049,0.784382644599718,122700,123931.390888122,1.00357855592652,,,,
177,HKG JFK,15.1,78500,121000,7200,177172,210665,7766,7056.3,338265,47,2,2017,3,3,217865,Long,0.793989160945379,0.779188057549389,120400,120211.703280937,-0.156392623806556,,,,
178,HKG JFK,14.75,78500,121800,9900,176332,213953,7760,7022.5,345153,50,1,2017,3,4,223853,Long,0.808936090810138,0.797060981430636,121300,123605.354241968,1.900539358589,,,,
179,HKG JFK,14.83333333,78500,120600,9900,176177,214884,7766,7009.5,344884,51,0,2017,3,4,224784,Long,0.802902422630577,0.793195932919535,120100,124721.109732375,3.84771834502537,,,,
180,HKG JFK,14.9,78500,122900,10300,176574,215417,7766,7050.8,347817,48,0,2017,3,4,225717,Long,0.804019555446093,0.789646957650723,122100,125378.61987641,2.68519236397249,,,,
181,HKG JFK,15.05,78300,125700,9000,177141,217333,7766,7088.75,351333,45,1,2017,3,5,226333,Long,0.800290469078606,0.78177672219241,125000,126239.397112266,0.991517689812538,,,,
182,HKG JFK,14.95,78800,123100,9100,176977,217268,7766,7063.35,348768,47,1,2017,3,5,226368,Long,0.802756846982296,0.787005997926139,122400,125869.115824568,2.83424495471247,,,,
183,HKG JFK,14.88333333,78800,124000,10700,176927,215028,7766,7096.25,349028,45,2,2017,3,6,225728,Long,0.810108489262327,0.790531220938245,123300,125284.996307506,1.60989157137523,,,,
184,HKG JFK,15.25,78800,125900,11100,176316,214364,8130,7230.25,350564,59,2,2017,3,6,225464,Long,0.805560114302903,0.807685991555757,125100,133087.045010784,6.3845283859181,,,,
185,HKG JFK,15.01666667,78800,124100,9800,175779,217873,8130,7213.983333,351273,61,2,2017,3,6,227673,Long,0.816236625766952,0.820236051175883,123600,135550.124220809,9.668385291917,,,,
186,HKG JFK,14.63333333,78800,118600,10500,176735,212260,8064,6951.866667,340760,76,2,2017,3,7,222760,Long,0.807184201170421,0.83488969832634,118000,129257.108741925,9.5399226626484,,,,
187,HKG JFK,14.73333333,78800,121100,9300,176412,213862,8064,6959,343662,75,2,2017,3,7,223162,Long,0.802528208106118,0.829223026164472,120500,129930.007189611,7.82573210756115,,,,
188,HKG JFK,14.75,78600,116900,12600,176954,208359,8055,6889.75,337259,79,2,2017,3,8,220959,Long,0.793644347690872,0.82736162441028,116300,128951.636294657,10.8784490925685,,,,
189,HKG JFK,14.86666667,79000,118800,8700,176015,213897,8055,6895.4,340797,78,2,2017,3,8,222597,Long,0.788061924342073,0.820868876052605,118200,131793.516780144,11.5004372082438,,,,
190,HKG JFK,14.85,78900,122200,11200,176087,213659,8121,7051.8,346359,72,1,2017,3,8,224859,Long,0.806841108331016,0.828523641877741,121500,132276.132024596,8.86924446468771,,,,
191,HKG JFK,14.71666667,78900,121500,9500,176580,214934,8045,6926.533333,345334,76,1,2017,3,9,224434,Long,0.799688700736145,0.828206136068026,120900,130865.860627227,8.24306089927827,,,,
192,HKG JFK,15.06666667,78900,121300,9600,176502,212371,8045,7065.666666,342471,65,0,2017,3,9,221971,Long,0.796802061989751,0.808966834238844,120500,129109.938096088,7.14517684322644,,,,
193,HKG JFK,15.05,78900,122400,9400,176177,214573,8045,7126.95,345873,61,0,2017,3,9,223973,Long,0.80460309061538,0.809862700236665,121900,129971.087283221,6.62107242265879,,,,
194,HKG JFK,15.3,79000,125600,13100,177253,208135,8393,7184.3,346035,79,2,2017,3,10,221235,Long,0.79782476464592,0.831089204340367,124800,136043.743371998,9.00940975320319,,,,
195,HKG JFK,15.33333333,78900,124500,10600,176735,209768,8393,7197,344268,78,2,2017,3,10,220368,Long,0.797497646791729,0.829282488859036,123900,135296.004647663,9.19774386413443,,,,
196,HKG JFK,15.26666667,78800,120800,9300,177084,206117,8393,7186.933333,335617,79,2,2017,3,10,215417,Long,0.799859813104812,0.832903809408162,120200,130649.921997624,8.69377870018642,,,,
197,HKG JFK,15.46666667,78900,127600,7900,176875,216555,8437,7323.4,351255,72,1,2017,3,11,224455,Long,0.804508272498762,0.826443506780691,126800,139239.646871562,9.81044705959118,,,,
198,HKG JFK,15.6,79100,129000,9400,176972,213720,8437,7360.6,351320,69,1,2017,3,11,223120,Long,0.80168379204893,0.819379887241207,128200,138285.94172587,7.86734924014796,,,,
199,HKG JFK,15.71666667,79000,126300,9700,175802,210777,8496,7427.266666,346177,68,1,2017,3,11,220477,Long,0.802939935789323,0.818984929057656,125700,137021.897982389,9.00707874493993,,,,
200,HKG JFK,15.66666667,78900,127600,8100,176937,213741,7766,7374.333333,348741,25,-2,2017,3,12,221841,Long,0.79976178002771,0.751004659563346,126900,122653.981471349,-3.34595628735341,,,,
201,HKG JFK,15.81666667,78900,130400,8800,176499,212905,8496,7483.733333,351405,64,1,2017,3,12,221705,Long,0.803929242564397,0.813806942152166,129700,138049.879796771,6.43784101524332,,,,
202,HKG JFK,15.61666667,78900,125800,9700,177014,209335,7766,7359.966667,344335,26,0,2017,3,12,219035,Long,0.800759299947915,0.753409156872001,125300,120398.516798703,-3.91179824524908,,,,
203,HKG JFK,15.3,78700,125500,9400,176327,211333,8534,7340.6,345533,78,0,2017,3,13,220733,Long,0.815182059123343,0.845051265321183,124800,138247.451794038,10.775201758043,,,,
204,HKG JFK,15.61666667,78600,125300,8700,177172,211144,8534,7331.516666,344444,77,1,2017,3,13,219844,Long,0.797663959540588,0.827915753894625,124600,137962.798429739,10.7245573272384,,,,
205,HKG JFK,15.38333333,78700,127500,8800,176492,215443,8534,7318.716667,351143,79,1,2017,3,13,224243,Long,0.808349117064898,0.84047352300427,126900,141130.402950855,11.213871513676,,,,
206,HKG JFK,15.41666667,78600,126600,8700,177787,216655,7766,7288.083333,351255,31,2,2017,3,15,225355,Long,0.803225211815933,0.763183113499578,125900,125027.903489775,-0.692689841322625,,,,
207,HKG JFK,15.26666667,78600,124800,9300,177177,213346,7766,7231.666667,346746,35,2,2017,3,15,222646,Long,0.80483834763389,0.770681637538876,124100,122865.308041278,-0.994916969155424,,,,
208,HKG JFK,15.45,78700,127100,9800,176864,214229,8116,7266.25,350329,55,0,2017,3,16,224029,Long,0.799091179002999,0.795857664798676,126300,132173.235823956,4.65022630558682,,,,
209,HKG JFK,15.6,78600,127200,8000,177028,215564,8116,7180,350064,60,0,2017,3,16,223564,Long,0.782013643848506,0.788205187252535,126500,136644.733495944,8.01955217070682,,,,
210,HKG JFK,15.53333333,78900,125800,7300,175802,216182,8116,7168.466667,348482,61,0,2017,3,16,223482,Long,0.784108375195427,0.791588042303316,125000,135580.53425706,8.46442740564821,,,,
211,HKG JFK,15.18333333,79000,119300,10100,177058,206082,8244,7105.25,334782,75,1,2017,3,17,216182,Long,0.795109094956761,0.8226075766598,118600,128697.587614629,8.51398618434138,,,,
212,HKG JFK,15.18333333,79000,124400,10100,176015,214054,8312,7279.533334,347754,68,1,2017,3,17,224154,Long,0.814612175553402,0.829392791993723,123600,136332.213349615,10.3011434867434,,,,
213,HKG JFK,15.31666667,78600,128200,8100,177389,215548,8312,7301.1,351048,66,1,2017,3,17,223648,Long,0.809913280090039,0.822172832618029,127400,135534.244938486,6.38480764402325,,,,
214,HKG JFK,15.63333333,78600,129100,8800,177014,213985,8383,7398.1,351185,63,2,2017,3,18,222785,Long,0.804050069637349,0.812399648675424,128400,136515.368057492,6.32038010708069,,,,
215,HKG JFK,16.21666667,78800,130800,11400,175802,208533,8383,7328.916666,350133,65,2,2017,3,18,219933,Long,0.767878800841553,0.783176639402294,130200,147935.586276761,13.6218020558842,,,,
216,HKG JFK,15.78333333,78800,128900,13500,176900,208193,8383,7357.083334,349993,65,2,2017,3,18,221693,Long,0.791993160629637,0.804678849478356,128300,137392.489455217,7.08689747094047,,,,
217,HKG JFK,15.66666667,78800,127300,9800,176864,212545,8349,7330.666666,349145,65,1,2017,3,19,222345,Long,0.795026039237369,0.807383196329433,126800,136565.083361494,7.70116984344991,,,,
218,HKG JFK,15.65,78200,129500,8700,176087,214018,8722,7376.1,351218,86,3,2017,3,19,222718,Long,0.800805299410851,0.844352102455128,128500,144611.233651451,12.5379250205843,,,,
219,HKG JFK,15.51666667,78200,127200,9900,176735,212877,8722,7387.566666,349277,86,3,2017,3,19,222777,Long,0.808942153343841,0.851607544613366,126500,144130.499407545,13.9371536818537,,,,
220,HKG JFK,15.56666667,79100,128700,9200,177389,213886,8725,7355.133333,351086,88,4,2017,3,20,223086,Long,0.802803779534009,0.849164164692023,128000,144799.915718212,13.1249341548529,,,,
221,HKG JFK,15.48333333,78400,125000,7600,176900,212374,7766,7239.566667,344274,34,0,2017,3,20,219974,Long,0.794442725418258,0.759897072434581,124300,121799.268489749,-2.01185157703193,,,,
222,HKG JFK,14.93333333,78600,118600,9300,175779,210019,7760,7073.066667,337119,46,1,2017,3,21,219319,Long,0.804758322608613,0.787275634736125,117800,120310.184232332,2.13088644510369,,,,
223,HKG JFK,15.36666667,78700,128400,8500,176246,215012,8683,7346.1,351112,87,5,2017,3,21,223512,Long,0.812253608818786,0.856075324084091,127600,144020.572792544,12.8687874549717,,,,
224,HKG JFK,15.43333333,78500,126700,8700,177037,213941,8683,7355.733334,348841,86,5,2017,3,21,222641,Long,0.809805504793619,0.852377374889009,126200,143113.827333391,13.4023988378694,,,,
225,HKG JFK,15.08333333,78700,123300,9100,176927,213135,7776,7082.166667,344835,46,1,2017,3,22,222235,Long,0.797780283025956,0.781053480204803,122600,123389.481197555,0.643948774514436,,,,
226,HKG JFK,15,78800,120500,9800,176412,208710,7760,7085,338310,45,1,2017,3,22,218510,Long,0.802533333333333,0.783776631740126,119800,119736.95503286,-0.052625181251786,,,,
227,HKG JFK,14.68333333,78900,116600,9500,176194,207483,7760,6981.783334,332783,53,1,2017,3,23,216983,Long,0.807897368707112,0.800679873696083,115800,118368.409536182,2.21797023849923,,,,
228,HKG JFK,15.05,78900,120600,10000,176945,210378,7766,7028.55,340178,49,0,2017,3,23,220378,Long,0.793494138803377,0.78177672219241,119800,122260.870732513,2.05414919241498,,,,
229,HKG JFK,14.85,78000,123200,8900,176246,218791,7766,7082.9,350191,46,0,2017,3,23,227691,Long,0.810399456337071,0.792305701615877,122500,126858.390926973,3.55787014446778,,,,
230,HKG JFK,15.23333333,78500,122100,9000,176258,208807,8323,7180.5,339107,75,1,2017,3,24,217807,Long,0.800892498145438,0.827764501886526,121300,131087.442751908,8.06879039728616,,,,
231,HKG JFK,15.26666667,78200,123600,10300,177172,210308,8381,7205.466666,343508,77,1,2017,3,24,220608,Long,0.801922454826189,0.831712954444156,122900,134696.111905799,9.59813824719171,,,,
232,HKG JFK,15.31666667,78200,123900,9000,176332,210184,8381,7201.616666,342484,77,1,2017,3,24,219184,Long,0.798877563164313,0.828997895833939,123300,133768.829212014,8.49053464072531,,,,
233,HKG JFK,15.01666667,78200,124800,10500,176411,216808,8364,7177.683333,351408,79,0,2017,3,25,227308,Long,0.812129409518164,0.843844321283529,124100,140223.373882009,12.9922432570577,,,,
234,HKG JFK,15.5,78500,126300,12700,177084,212666,8364,7139.5,351066,79,0,2017,3,25,225366,Long,0.78261935483871,0.817530896392718,125700,144577.415929497,15.0178328794724,,,,
235,HKG JFK,15.1,78500,126400,14100,177028,211572,8364,7216.4,350972,76,0,2017,3,25,225672,Long,0.812003937055714,0.83918734397928,125300,138670.806476116,10.6710346976183,,,,
236,HKG JFK,15.61666667,78600,128100,9100,176580,214322,8641,7313.583333,351022,85,1,2017,3,26,223422,Long,0.795712825232834,0.838296230302725,127600,144335.813941356,13.1158416468308,,,,
237,HKG JFK,15.46666667,78500,124700,6800,176194,214821,7643,7008.866667,345621,41,-1,2017,3,26,221621,Long,0.76995537786397,0.748667502942375,124000,129711.101869446,4.60572731406914,,,,
238,HKG JFK,15.11666667,78500,123500,12600,177172,213002,7643,7053.45,348402,39,-1,2017,3,26,225602,Long,0.792793425055608,0.766001590658277,122800,124038.150501038,1.00826588032377,,,,
239,HKG JFK,15.36666667,78800,127100,8800,176655,215736,8757,7251.066666,350836,98,3,2017,3,27,224536,Long,0.801745833537901,0.863371140504939,126300,147145.000806698,16.5043553497209,,,,
240,HKG JFK,15.46666667,78500,127700,8700,176954,215444,8599,7253.4,350844,87,4,2017,3,27,224144,Long,0.796818459144722,0.842312162475662,126700,143831.764039708,13.5215185790906,,,,
241,HKG JFK,14.86666667,79100,123400,14800,176584,213505,8334,7085.2,351105,84,1,2017,3,28,228305,Long,0.809753799103509,0.849301205837668,122800,140415.225302626,14.3446460119107,,,,
242,HKG JFK,15,79100,124300,14400,177140,213506,8334,7059,351406,85,1,2017,3,28,227906,Long,0.799588256880734,0.841751861974511,123500,140765.797971377,13.9804032156895,,,,
243,HKG JFK,14.81666667,79100,122200,9700,176327,216280,8345,7055.95,347580,87,1,2017,3,29,225980,Long,0.809132169731359,0.85329200992658,121600,138394.901700989,13.8115967935761,,,,
244,HKG JFK,15.43333333,79000,126500,7300,176875,215369,8345,7202.933334,348469,74,1,2017,3,29,222669,Long,0.792983486436959,0.819197189156833,125800,137223.847553242,9.08095989923845,,,,
245,HKG JFK,15.48333333,78600,126100,8400,176412,213795,8345,7245.683334,347895,71,1,2017,3,29,222195,Long,0.795113945348785,0.816551773044885,125700,136313.163113092,8.44324829999334,,,,
246,HKG JFK,15.53333333,78800,126800,9200,177386,215643,8322,7374.466667,351143,61,0,2017,3,30,224843,Long,0.806641272786591,0.81168009956237,126300,136805.089111368,8.31756857590524,,,,
247,HKG JFK,15.48333333,79000,125800,9800,176177,214098,8243,7329.483334,348998,59,0,2017,3,30,223898,Long,0.80430984110091,0.806571152211982,125100,134331.745424686,7.37949274555261,,,,
248,HKG JFK,15.65,78800,128500,7500,176499,214298,8243,7304,349698,60,0,2017,3,30,221798,Long,0.792977577160946,0.797981469908006,127900,134047.650098963,4.80660680137877,,,,
249,HKG JFK,15.75,78700,128800,14100,175802,208815,8373,7380.75,351315,63,-1,2017,3,31,222915,Long,0.79622245522062,0.805419948154157,128400,137434.379410298,7.03612103605773,,,,
250,HKG JFK,15.63333333,78700,127700,13900,176316,209756,8315,7236.3,350856,69,0,2017,3,31,223656,Long,0.786465108465217,0.805809743377806,127200,139586.915496321,9.73814111346019,,,,
251,HKG JFK,15.43333333,78800,126200,16200,177084,207679,8373,7292.666667,349479,70,0,2017,3,31,223879,Long,0.802862385520193,0.821945843596185,125600,137390.832925617,9.38760583249745,,,,
252,HKG JFK,14.78333333,78700,121700,8900,176246,215664,8286,6999.85,345464,87,0,2017,4,1,224564,Long,0.804508892160574,0.849169541553354,120900,135876.54263821,12.3875456064597,,,,
253,HKG JFK,14.76666667,78700,120700,10400,176927,214914,8345,6927.4,345414,96,1,2017,4,1,225314,Long,0.797080671599683,0.856181260523874,120100,138940.460683414,15.6873111435585,,,,
254,HKG JFK,14.46666667,78800,116900,10900,176015,212309,8345,6956.2,339409,96,1,2017,4,1,223209,Long,0.816992499668475,0.873936171452305,116200,136476.228887235,17.449422450288,,,,
255,HKG JFK,14.7,78600,122300,7900,177109,221406,8207,6972.2,351006,84,0,2017,4,2,229306,Long,0.805873706546839,0.845841418142648,121700,138331.148987065,13.6656934979991,,,,
256,HKG JFK,15.08333333,78500,125700,8600,177389,217878,8207,7136.083334,351478,71,1,2017,4,2,226478,Long,0.803853799180433,0.824344896095784,125000,135882.190550902,8.70575244072132,,,,
257,HKG JFK,15.1,78700,123500,10400,176316,214211,8207,7150,347511,70,1,2017,4,2,224611,Long,0.804532474633939,0.823435022960061,122900,134145.272094344,9.14993661053227,,,,
258,HKG JFK,15.21666667,78800,123700,10300,177084,213092,8310,7244.833333,346392,70,2,2017,4,3,223392,Long,0.808953123383663,0.827376811957339,123000,135233.699468728,9.94609712904699,,,,
259,HKG JFK,15.5,78700,127400,8800,176735,215697,8298,7321.5,351097,63,2,2017,4,3,224497,Long,0.802569872743415,0.811079791758342,126600,136286.749035094,7.65146053324926,,,,
260,HKG JFK,15.28333333,78600,124400,11100,176584,207999,8221,7304,342699,60,3,2017,4,4,219099,Long,0.812002121196203,0.81494521043615,123600,129679.376302101,4.91858924118216,,,,
261,HKG JFK,15.4,78700,127300,8100,176906,216369,8221,7281.6,351069,61,3,2017,4,4,224469,Long,0.803379196949839,0.808771382907966,126600,134363.087707117,6.13198081130895,,,,
262,HKG JFK,15.36666667,79200,126400,9800,177901,212888,8287,7365,348388,60,3,2017,4,5,222688,Long,0.814343369818553,0.817032847021175,125700,134406.769928773,6.92662683275485,,,,
263,HKG JFK,15.56666667,79100,128500,10900,176087,212386,8287,7384.133333,351086,58,3,2017,4,5,223286,Long,0.805969093965793,0.806535636997455,127800,134657.741539771,5.3659949450481,,,,
264,HKG JFK,16.38333333,78600,132600,10300,177501,207923,8694,7547.166667,350323,70,4,2017,4,6,218223,Long,0.782701485059364,0.803968840646866,132100,144530.184169416,9.40967764528062,,,,
265,HKG JFK,16.15,78800,132400,6700,176499,212011,7783,7492.3,350511,18,1,2017,4,6,218711,Long,0.788237543670293,0.730123542757181,131800,122251.331008958,-7.24481714039592,,,,
266,HKG JFK,15.51666667,79200,128900,8700,176246,214258,7783,7457.15,351058,21,1,2017,4,6,222958,Long,0.816561562307681,0.759924503522796,128100,123864.413143326,-3.30646905282885,,,,
267,HKG JFK,15.38333333,79200,125900,9800,176954,214168,7783,7321.5,349068,30,0,2017,4,7,223968,Long,0.808656535019829,0.76651106509752,125100,124184.171863276,-0.732076847900509,,,,
268,HKG JFK,15.45,79000,127500,9900,176412,213325,7789,7310.05,349925,31,0,2017,4,7,223225,Long,0.803907995605831,0.763791935820218,126700,123871.908612421,-2.23211632800224,,,,
269,HKG JFK,15.55,78800,128500,8300,176087,215332,7789,7306.95,351332,31,0,2017,4,7,223632,Long,0.798399445411369,0.758880090573786,127700,124727.488016601,-2.32773060563745,,,,
270,HKG JFK,15.76666667,78500,129200,8300,177028,214332,8150,7472.033333,351032,43,1,2017,4,8,222632,Long,0.805217859658761,0.783140296718466,128400,130918.442214722,1.96140359401997,,,,
271,HKG JFK,15.68333333,78900,128800,8500,176316,213647,7799,7391.233333,350147,26,1,2017,4,8,222147,Long,0.800742766512486,0.753394414394697,128000,123500.369039784,-3.51533668766857,,,,
272,HKG JFK,15.51666667,78900,128300,9900,176499,213210,7783,7395.083333,350710,25,1,2017,4,8,223110,Long,0.809765232032451,0.759924503522796,127600,123381.304333692,-3.30618782626019,,,,
273,HKG JFK,15.63333333,78800,127800,7600,177002,216504,8102,7351.6,351404,48,2,2017,4,9,224104,Long,0.798996295252401,0.785167834136739,127300,131940.815895846,3.64557415227507,,,,
274,HKG JFK,15.46666667,78800,127900,8700,176412,215006,7799,7257.666667,350906,35,0,2017,4,9,223706,Long,0.797287171596436,0.763948430648644,127200,125141.981474204,-1.61793909260716,,,,
275,HKG JFK,15.33333333,78500,125200,8400,175802,215572,7799,7262.333333,348472,35,0,2017,4,9,223972,Long,0.804737215983642,0.770591460813967,124500,124632.933265692,0.106773707383279,,,,
276,HKG JFK,15.5,78800,127900,8700,177389,211914,8111,7320.5,347714,51,3,2017,4,10,220614,Long,0.802460254513169,0.792801661960944,127100,128755.092169293,1.30219682871229,,,,
277,HKG JFK,15.61666667,78900,128300,8800,176629,213600,8111,7345.783333,350000,49,3,2017,4,10,222400,Long,0.79921616304977,0.786878917253257,127600,130612.952120143,2.36124774305879,,,,
278,HKG JFK,15.75,78600,128600,7900,176977,213864,8111,7355,349664,48,3,2017,4,10,221764,Long,0.793444590068443,0.780217508596485,127900,130948.002635763,2.38311386689796,,,,
279,HKG JFK,15.45,78700,129000,7100,176332,215907,8075,7302.5,351307,50,3,2017,4,11,223007,Long,0.803077699593243,0.791837191134711,128300,129934.740998506,1.27415510405779,,,,
280,HKG JFK,15.41666667,79200,126000,10000,176226,212183,8066,7264.333333,347483,52,2,2017,4,11,222183,Long,0.800607706229811,0.792664820176101,125300,129284.365990323,3.17986112555702,,,,
281,HKG JFK,15.46666667,79000,126300,8800,175802,216752,8066,7261.733333,351352,52,2,2017,4,11,225552,Long,0.797733913127603,0.790102326145911,125800,132607.65063666,5.41148699257537,,,,
282,HKG JFK,15.13333333,79100,119400,10400,176583,206820,8075,7182.133334,335920,59,3,2017,4,12,217220,Long,0.806368120476136,0.808406471744006,118700,124984.281647963,5.29425581125813,,,,
283,HKG JFK,14.85,78900,125600,9400,176316,213932,8075,7213.7,348232,58,2,2017,4,12,223332,Long,0.825365112902727,0.823830612998739,124900,131717.170478502,5.45810286509356,,,,
284,HKG JFK,15.2,78600,124900,10300,177014,215166,8184,7272,349666,60,3,2017,4,12,225466,Long,0.812876871076774,0.81572520442568,124200,134448.820276955,8.25186817790253,,,,
285,HKG JFK,14.71666667,79200,122200,9200,176736,218418,7789,7009.016666,349118,53,2,2017,4,13,227618,Long,0.809211644834603,0.801851782950138,121500,127280.52705817,4.75763543882282,,,,
286,HKG JFK,14.8,79100,120600,10800,176864,213052,7783,7043,343852,50,2,2017,4,13,223852,Long,0.808556657575006,0.79672264969787,120000,124116.014070962,3.43001172580175,,,,
287,HKG JFK,14.88333333,78400,120500,10300,176412,210927,7783,7038.833334,341027,50,2,2017,4,13,221227,Long,0.803553797829905,0.792261716786294,119800,122329.412936528,2.11136305219346,,,,
288,HKG JFK,15.26666667,78600,125200,9800,177014,214658,8183,7282.266666,348958,59,3,2017,4,14,224458,Long,0.810469804696791,0.812063847538066,124500,133299.400505881,7.06779157098894,,,,
289,HKG JFK,15.46666667,78600,125100,10100,176977,211629,8118,7220.933333,346129,58,2,2017,4,14,221729,Long,0.793251850487966,0.795195968714667,124400,131109.964565269,5.39386219073108,,,,
290,HKG JFK,15.2,78700,124700,9900,175779,214410,8118,7251.6,348410,57,2,2017,4,14,224310,Long,0.810596523418638,0.809146775357731,124100,131815.420576242,6.21709957795458,,,,
291,HKG JFK,15.56666667,78300,125800,8600,176096,213558,8228,7294,347358,60,1,2017,4,15,222158,Long,0.796131151213307,0.800793438061429,125200,133437.659701427,6.5796004005009,,,,
292,HKG JFK,15.76666667,78500,128100,7900,176493,212707,8228,7329.3,347707,57,-1,2017,4,15,220607,Long,0.789836313019282,0.790635381766814,127100,133338.271744174,4.90816030226089,,,,
293,HKG JFK,15.76666667,78500,126900,9600,176502,211173,8228,7360.833333,346873,55,0,2017,4,15,220773,Long,0.793234478156897,0.790635381766814,126100,132703.361888208,5.2366073657482,,,,
294,HKG JFK,15.71666667,78500,127500,8500,176194,212924,8066,7264.45,348424,51,-2,2017,4,16,221424,Long,0.785338305242789,0.777534420642544,127000,131822.674902541,3.79738181302409,,,,
295,HKG JFK,15.9,78600,129000,7800,176629,214678,8066,7334.6,350978,46,-1,2017,4,16,222478,Long,0.783779308753101,0.768569139225814,128500,133493.186167448,3.88574799023162,,,,
296,HKG JFK,15.41666667,78600,125400,9500,175779,216430,7783,7228,350730,36,-1,2017,4,16,225930,Long,0.79660338191223,0.764853743544581,124800,126756.242287631,1.56750183303793,,,,
297,HKG JFK,15.76666667,79000,128400,8400,176145,213955,8132,7390.966667,350055,47,0,2017,4,17,222355,Long,0.796481773385727,0.781410661707308,127700,131415.457913253,2.90952068383143,,,,
298,HKG JFK,15.78333333,78900,125600,10100,176502,207981,8088,7377.75,342781,45,0,2017,4,17,218081,Long,0.794217936109014,0.776361986708928,124700,127105.914767836,1.92936228374987,,,,
299,HKG JFK,15.61666667,79000,128300,9100,176332,212197,8088,7416.483333,348997,43,0,2017,4,17,221297,Long,0.806908274316985,0.784647599894507,127700,128406.658417706,0.55337385881471,,,,
300,HKG JFK,15.2,78500,122700,8500,176816,213606,7789,7105,344406,45,1,2017,4,18,222106,Long,0.794209319169483,0.776354303185682,122300,124048.283022337,1.42950369774071,,,,
301,HKG JFK,15.1,78800,120000,10000,175779,208484,7789,7169.9,337584,41,1,2017,4,18,218484,Long,0.806771662919983,0.781495722412077,119100,120077.366398413,0.820626698919669,,,,
302,HKG JFK,15.15,78800,120900,10500,176015,211010,7789,7152.7,341710,42,2,2017,4,18,221510,Long,0.802180058739819,0.778916528608737,120200,122661.737107983,2.04803419965298,,,,
303,HKG JFK,15.26666667,79000,122800,7900,177442,212612,7783,7126.533333,342412,43,1,2017,4,19,220512,Long,0.793137678589769,0.772368682071217,121900,122785.395712093,0.726329542324322,,,,
304,HKG JFK,15.21666667,78700,124800,10200,176629,214213,7812,7188.116667,348513,41,1,2017,4,19,224413,Long,0.802620179275744,0.777793941637874,124100,125324.031599986,0.986326833187534,,,,
305,HKG JFK,15.61666667,78700,127800,7400,175779,216548,8148,7382.783333,351148,49,2,2017,4,20,223948,Long,0.803241737544911,0.7904684277869,127200,132316.551513922,4.02244615874348,,,,
306,HKG JFK,15.7,78700,128900,9100,176499,213408,8148,7363,350708,50,2,2017,4,20,222508,Long,0.796837258224741,0.786272735662865,128200,131852.219321379,2.84884502447651,,,,
307,HKG JFK,15.1,78700,125400,8800,177002,217256,7812,7238.2,350756,38,1,2017,4,20,226056,Long,0.814456917188164,0.783803387274765,124700,126815.786584817,1.69670135109661,,,,
308,HKG JFK,15.08333333,78500,125600,14400,177008,211968,8162,7151.416667,351168,67,3,2017,4,21,226368,Long,0.805581043337659,0.819824910677932,124800,134622.997718895,7.87099176193498,,,,
309,HKG JFK,15.38333333,78700,126600,13600,176629,211765,8153,7168.466667,351265,64,2,2017,4,21,225365,Long,0.791754068997493,0.802950624918422,125900,135689.168624454,7.77535236255271,,,,
310,HKG JFK,15.31666667,78200,126700,12600,176735,211069,8153,7203.366666,349569,62,2,2017,4,21,223669,Long,0.799071691210867,0.806445513033541,125900,132684.367951645,5.38869575190233,,,,
311,HKG JFK,15.16666667,78400,126500,7100,176937,217875,8241,7164.166666,350875,71,3,2017,4,22,224975,Long,0.802583123095815,0.823211863979227,125900,135424.25675353,7.56493785030146,,,,
312,HKG JFK,14.98333333,78300,124000,8900,176875,217456,8232,7138.216667,349756,73,3,2017,4,22,226356,Long,0.809460701700668,0.832374504106523,123400,136157.842061968,10.3386078297959,,,,
313,HKG JFK,14.98333333,78400,125400,10100,176499,216191,8232,7078.283334,351091,77,3,2017,4,22,226291,Long,0.802664371425439,0.832374504106523,124800,136408.009888494,9.30128997475486,,,,
314,HKG JFK,14.91666667,78800,124800,10300,176937,216104,8602,7214.75,350404,93,2,2017,4,24,226404,Long,0.821795930281791,0.873674181629004,124000,146173.202324647,17.8816147779412,,,,
315,HKG JFK,15.81666667,78200,129300,5800,177083,215300,8602,7257.583333,349700,85,2,2017,4,24,221100,Long,0.779635405495457,0.823960371515176,128600,147337.029296243,14.5700072288047,,,,
316,HKG JFK,15.61666667,78700,128400,8300,176864,215213,8602,7337.05,351213,81,2,2017,4,24,223513,Long,0.798265982391564,0.834512692172669,127700,142991.853513279,11.9748265569924,,,,
317,HKG JFK,15.6,78600,128900,13400,177389,209196,8406,7360.8,350796,67,1,2017,4,25,222596,Long,0.801705575158786,0.816369246432332,128200,137071.44556092,6.92000433769142,,,,
318,HKG JFK,15.63333333,78600,129100,13000,176194,210076,8347,7299.566667,351276,67,1,2017,4,25,223076,Long,0.793341139842496,0.808910875282567,128200,137580.215650706,7.31686088198631,,,,
319,HKG JFK,15.63333333,78100,129200,12300,176412,210103,8347,7299.566667,351203,67,2,2017,4,25,222403,Long,0.793341139842496,0.808910875282567,128800,136927.750026054,6.31036492706036,,,,
320,HKG JFK,15.38333333,78700,127400,13900,176972,210801,8145,7345.066667,351401,52,2,2017,4,26,224701,Long,0.811259463254162,0.802162742543916,126700,132786.955107912,4.80422660450788,,,,
321,HKG JFK,15.33333333,78700,126600,13800,177028,211197,8145,7301.666667,350797,55,2,2017,4,26,224997,Long,0.809095732146744,0.804778490617997,125800,132938.689643354,5.6746340567204,,,,
322,HKG JFK,15.21666667,78700,125600,15200,176015,211200,8145,7292.866666,351200,56,2,2017,4,26,226400,Long,0.81431649246032,0.810948752514142,124800,134534.563934167,7.80013135750572,,,,
323,HKG JFK,15.41666667,78700,128400,9800,176412,213601,8470,7437.083333,351101,67,3,2017,4,27,223401,Long,0.819646615220928,0.832366851833818,127700,139844.834628951,9.51044215266312,,,,
324,HKG JFK,15.05,78700,126000,10900,176202,214585,8061,7173.05,350885,59,5,2017,4,27,225485,Long,0.809807589380962,0.811473365644221,125400,131540.521855068,4.89674789080365,,,,
325,HKG JFK,15.06666667,78800,126000,14700,177165,211578,8061,7126.866666,351278,62,5,2017,4,27,226278,Long,0.803703645167074,0.810575717936522,125000,132403.760592149,5.92300847371938,,,,
326,HKG JFK,14.5,78500,120000,9400,177172,218328,8070,6895.5,347228,81,4,2017,4,28,227728,Long,0.808001645049035,0.843193754640439,119500,133682.999967879,11.8686192199824,,,,
327,HKG JFK,14.85,78300,124000,9600,176736,217137,8187,6969.3,350237,82,3,2017,4,28,226737,Long,0.797401760726531,0.83525711809544,123500,136564.930792574,10.5788913300198,,,,
328,HKG JFK,14.7,78600,122000,9500,176629,218782,8187,6996.3,349582,81,3,2017,4,28,228282,Long,0.808659277288897,0.84378014991274,121300,136872.359773011,12.8378893429606,,,,
329,HKG JFK,14.46666667,78600,121800,9500,177389,219335,8130,6900.333333,350035,85,3,2017,4,29,228835,Long,0.810431065606733,0.851420140671928,121200,136114.250796857,12.3054874561528,,,,
330,HKG JFK,14.83333333,78900,122300,9800,177177,216966,8130,7017.5,348466,75,3,2017,4,29,226766,Long,0.80381878177818,0.830373800493924,121700,134389.11604809,10.4265538603861,,,,
331,HKG JFK,14.86666667,78600,123400,10900,176972,216993,8130,7044.733333,350693,73,3,2017,4,29,227893,Long,0.805128942071669,0.828511975457192,122800,135301.855549754,10.1806641284645,,,,
332,HKG JFK,15.01666667,78600,123000,9600,175779,216050,8188,7181.883333,347950,67,3,2017,4,30,225650,Long,0.81260462462507,0.826087673681197,122300,134692.220014276,10.1326410582796,,,,
333,HKG JFK,15.36666667,78600,126800,7900,176937,216185,8154,7185.9,350185,63,3,2017,4,30,224085,Long,0.794540396628246,0.803920095886408,126100,133835.540301836,6.13444908948135,,,,
334,HKG JFK,15.36666667,78600,126800,8900,177014,216462,8154,7216.633333,351362,61,2,2017,4,30,225362,Long,0.797938561765861,0.803920095886408,126000,134410.087786961,6.67467284679435,,,,
335,HKG JFK,15.26666667,78200,122400,8800,176126,211985,8173,7257,342885,60,3,2017,5,1,220785,Long,0.807657785947785,0.811071468401395,122100,129944.164803781,6.42437739867414,,,,
336,HKG JFK,15.35,78200,126700,10000,177084,215063,8287,7243.2,351163,68,4,2017,5,1,225063,Long,0.801745593640738,0.817919962124788,126100,136652.602396435,8.3684396482435,,,,
337,HKG JFK,15.46666667,78400,127800,13600,176177,210100,8287,7235.266666,351200,68,4,2017,5,1,223700,Long,0.794826431312817,0.811750307063125,127500,136470.758313287,7.0358888731666,,,,
338,HKG JFK,15.36666667,78200,127000,9300,176502,215320,8220,7313.366666,350820,59,3,2017,5,2,224620,Long,0.808634304963147,0.810427175396894,126200,134305.40339076,6.42266512738539,,,,
339,HKG JFK,15.7,78500,129900,9700,176574,212493,8265,7480,351193,50,4,2017,5,2,222193,Long,0.809499211126044,0.797563102632987,129000,133176.10091285,3.23728752934107,,,,
340,HKG JFK,15.85,78500,129800,7900,176735,214014,8265,7488.35,351114,49,3,2017,5,2,221914,Long,0.8027334355917,0.790015186835198,129200,133193.614565015,3.09103294505773,,,,
341,HKG JFK,15.76666667,78400,129900,9200,176499,212559,8189,7479.5,351059,45,3,2017,5,3,221759,Long,0.806022499183059,0.78688783924264,129300,130943.582581514,1.27113888748149,,,,
342,HKG JFK,15.48333333,78400,127900,9100,176875,214143,7789,7386.433333,350443,26,2,2017,5,3,223243,Long,0.810559319171579,0.762147604583177,127200,123785.364284236,-2.68446204069519,,,,
343,HKG JFK,15.46666667,78500,127700,10300,176194,213706,7789,7402.333333,351106,25,2,2017,5,3,224006,Long,0.813179452520431,0.762968884000806,127100,124539.461833552,-2.01458549681215,,,,
344,HKG JFK,16.08333333,78500,132000,6600,176972,212776,8253,7529.25,350776,45,3,2017,5,4,219376,Long,0.795408337871433,0.777423440091701,131400,131614.46945899,0.163218766354345,,,,
345,HKG JFK,16.18333333,78400,132600,8400,176735,210313,8249,7617.85,350713,39,4,2017,5,4,218713,Long,0.799795436643204,0.77224512046519,132000,130385.569539445,-1.22305337920819,,,,
346,HKG JFK,16.16666667,78400,133000,8400,176927,209648,8249,7634.666667,350648,38,4,2017,5,4,218048,Long,0.802387363861727,0.773041249136745,132600,129565.528847058,-2.28843978351594,,,,
347,HKG JFK,15.96666667,79100,129900,13200,176584,203028,8147,7620.1,345728,33,4,2017,5,5,216228,Long,0.810888042568619,0.773045944583372,129500,125715.881603708,-2.92209914771606,,,,
348,HKG JFK,16.08333333,78700,131600,11400,177002,207467,8147,7632.333333,350167,32,4,2017,5,5,218867,Long,0.806298312675406,0.767438357739863,131300,127819.08055911,-2.65111914766915,,,,
349,HKG JFK,15.53333333,78600,128500,9500,176937,213456,7766,7377.666667,350756,25,2,2017,5,6,222956,Long,0.806991298367114,0.757451051814632,127800,122944.293160763,-3.79945762068594,,,,
350,HKG JFK,15.75,78500,129800,7700,176972,214223,7783,7436.5,351023,22,3,2017,5,6,221923,Long,0.802236668122907,0.748666362890697,129100,122844.687790326,-4.84532316783426,,,,
351,HKG JFK,15.46666667,78700,128500,10300,176316,213338,7783,7380.866667,351438,26,3,2017,5,6,223638,Long,0.810821243093177,0.762381156012104,127800,123981.664155955,-2.98774322695197,,,,
352,HKG JFK,15.15,78800,126100,10200,177002,215775,7783,7267.9,351275,34,3,2017,5,7,225975,Long,0.815099815302631,0.778316515876467,125300,126172.293895469,0.696164322002324,,,,
353,HKG JFK,15.38333333,78900,126900,9400,176864,215810,7789,7235.2,351210,36,3,2017,5,7,225210,Long,0.799124737033749,0.767101976878399,126000,125924.231408585,-0.060133802710316,,,,
354,HKG JFK,15.28333333,78700,127300,10300,176493,214149,8133,7338.266667,351149,52,4,2017,5,7,224449,Long,0.815811623660228,0.806221797406302,126700,132688.717796291,4.7266912362204,,,,
355,HKG JFK,15.1,78700,124700,10200,177389,211712,8074,7273.7,345912,53,4,2017,5,8,221912,Long,0.818451449055228,0.81009070005843,124000,129486.902966864,4.42492174747122,,,,
356,HKG JFK,15.21666667,78900,124500,9700,176977,213386,8105,7207.216666,346986,59,4,2017,5,8,223086,Long,0.804752872175317,0.806966192649125,123900,130524.344582707,5.3465250869303,,,,
357,HKG JFK,15.01666667,78900,123200,10100,175779,214290,8105,7173.966666,346890,62,4,2017,5,8,224390,Long,0.811708881874454,0.817713800096006,122500,131759.202397863,7.55853256968382,,,,
358,HKG JFK,15.05,78700,125200,8400,176802,218036,8087,7138.85,350936,63,4,2017,5,9,226436,Long,0.805946551251181,0.814090696931499,124500,132966.864428628,6.80069432018273,,,,
359,HKG JFK,15.33333333,78700,124100,9000,176735,212910,8087,7151.666667,345310,61,5,2017,5,9,221910,Long,0.792474272233101,0.799047716835819,123400,130739.780944971,5.94795862639466,,,,
360,HKG JFK,15.08333333,78500,126000,10700,176655,215013,8165,7290.166667,351113,58,5,2017,5,10,225713,Long,0.821210725531458,0.820126243039122,125400,135249.743951604,7.85466024848827,,,,
361,HKG JFK,15.61666667,78400,129000,9500,176900,213072,8165,7306.083333,350772,55,4,2017,5,10,222572,Long,0.794896830413618,0.792117662356411,128200,132617.855378952,3.44606503818412,,,,
362,HKG JFK,15.1,78400,128100,9000,177172,214325,8165,7364.7,350925,53,4,2017,5,10,223325,Long,0.828690953277842,0.819221026254283,127600,134276.179635859,5.23211570208413,,,,
363,HKG JFK,15.41666667,78400,128200,8200,176194,214840,8089,7395.25,351240,45,4,2017,5,11,223040,Long,0.815036131718972,0.794925084354634,128200,130401.435039081,1.71718801800362,,,,
364,HKG JFK,15.66666667,78800,129100,8800,177084,214005,8148,7458.666667,351205,44,4,2017,5,11,222805,Long,0.808907905336092,0.787945656209393,128400,131128.015582589,2.12462272787335,,,,
365,HKG JFK,15.53333333,78900,129100,9100,177389,213512,8148,7480.066667,351112,43,4,2017,5,11,222612,Long,0.81819211737045,0.794709138576567,128500,131679.512292373,2.4743286321969,,,,
366,HKG JFK,15.9,78600,131400,5900,176364,214161,8084,7432.1,350861,41,3,2017,5,12,220061,Long,0.794198211297675,0.77028426996051,130800,128710.593521947,-1.59740556426083,,,,
367,HKG JFK,15.7,78400,128300,8100,176977,213508,7883,7333.5,349208,35,4,2017,5,12,221608,Long,0.793644714544498,0.760700536969853,127600,125756.084336241,-1.44507497159777,,,,
368,HKG JFK,15,78700,127300,10200,176972,210428,7883,7358,347428,35,4,2017,5,12,220628,Long,0.833456636085627,0.79619989536178,126800,126845.879256117,0.036182378641181,,,,
369,HKG JFK,15.43333333,78700,127800,12500,176937,211559,7833,7261.966667,351159,37,1,2017,5,13,224059,Long,0.799482568993592,0.768936079408685,127100,125908.230442506,-0.937662909122061,,,,
370,HKG JFK,15.36666667,78700,127400,12900,176332,211349,7833,7295.166667,351349,35,1,2017,5,13,224249,Long,0.806621942537356,0.772272027358135,127100,125572.110633295,-1.20211594548013,,,,
371,HKG JFK,15.5,78600,126100,13000,175802,212470,7833,7306,351070,34,1,2017,5,13,225470,Long,0.800870790174608,0.765628827288876,125600,126928.033632178,1.05735161797624,,,,
372,HKG JFK,15.98333333,78600,133000,8800,177054,210438,8480,7696.816667,351338,49,5,2017,5,14,219238,Long,0.818197729091386,0.803804335310641,132100,136035.328938017,2.97905294323737,,,,
373,HKG JFK,16.13333333,78600,131500,7700,176977,212376,8419,7531.666667,350976,55,4,2017,5,14,220076,Long,0.793197740724552,0.79060262385846,130900,136375.121268119,4.18267476556082,,,,
374,HKG JFK,15.55,78400,128400,10300,176954,213292,8236,7442.95,351192,51,3,2017,5,14,223592,Long,0.81325958877843,0.802431175499512,127600,133978.071970857,4.9984890053735,,,,
375,HKG JFK,15.28333333,78400,128800,7300,177134,215230,8183,7357.7,351030,54,3,2017,5,15,222530,Long,0.817972071071723,0.811178282082352,128500,132354.885522579,2.9999109125129,,,,
376,HKG JFK,15.43333333,78400,128500,6800,177172,216501,8183,7287.866667,351201,58,3,2017,5,15,223301,Long,0.802333945148703,0.803294259900583,127900,132647.601287392,3.71196347724134,,,,
377,HKG JFK,15.31666667,78500,126800,9900,177014,215244,8168,7310.266666,351244,56,3,2017,5,16,225144,Long,0.810930141260918,0.807929222428304,126100,133669.452746351,6.00273810178482,,,,
378,HKG JFK,15.43333333,78400,127900,8400,176275,215714,8134,7192.566667,351214,61,4,2017,5,16,224114,Long,0.791842202028272,0.798484114631718,127100,134009.46023688,5.43623936811963,,,,
379,HKG JFK,15.05,78400,126100,9700,176412,216041,8134,7200.9,351041,62,3,2017,5,16,225741,Long,0.812951738852144,0.818822026566194,125300,133572.879425288,6.60245764188983,,,,
380,HKG JFK,15.15,78200,125000,10000,176977,214534,8178,7223.55,348734,63,4,2017,5,17,224534,Long,0.810125933327278,0.817817354084254,124200,133327.303693514,7.3488757596732,,,,
381,HKG JFK,15.05,78100,124000,8900,176145,214547,8212,7218.7,346647,66,4,2017,5,17,223447,Long,0.814961285013258,0.826674020428029,123200,133470.503807926,8.33644789604402,,,,
382,HKG JFK,15.68333333,78200,130800,9600,176332,211245,8536,7532.266667,351145,64,5,2017,5,17,220845,Long,0.816021870352249,0.824589655247229,130300,138485.694011003,6.28219033845183,,,,
383,HKG JFK,14.98333333,78100,123500,8900,177095,215620,8155,7061.216667,347520,73,3,2017,5,18,224520,Long,0.800729042668814,0.824588688166751,123000,133282.648831456,8.35987709874493,,,,
384,HKG JFK,15.53333333,78400,129100,7100,177389,215381,8155,7114.266667,350881,67,3,2017,5,18,222481,Long,0.778179816705182,0.795391878386341,128400,138526.630867422,7.88678416465858,,,,
385,HKG JFK,15.5,78100,125300,8300,177084,214929,8155,7194,347929,62,3,2017,5,18,223229,Long,0.788593548387097,0.797102398383861,124700,134561.112623475,7.90786898434233,,,,
386,HKG JFK,15.55,78200,128300,6200,177172,214971,8238,7351.65,348771,57,4,2017,5,19,221171,Long,0.80328362488569,0.802626034939895,127600,131908.752338464,3.37676515553622,,,,
387,HKG JFK,15.16666667,78000,123800,8800,176145,212641,7418,7114.666667,344641,20,2,2017,5,19,221441,Long,0.797037765721179,0.741000559033844,123200,115402.561690588,-6.32908953686077,,,,
388,HKG JFK,15.4,78000,124200,9400,176502,212692,7428,7197,345692,15,2,2017,5,19,222092,Long,0.794045275825092,0.73075706510648,123600,116436.498211316,-5.7957134212655,,,,
389,HKG JFK,15.38333333,78100,127900,9300,176177,214507,7789,7450.566667,351107,22,3,2017,5,20,223807,Long,0.822911892997051,0.767101976878399,127300,125460.468312217,-1.44503667539925,,,,
390,HKG JFK,15.73333333,78100,129000,10300,176584,212508,7789,7442.866667,351008,22,3,2017,5,20,222808,Long,0.803774047760235,0.750037208321345,128200,123533.130807972,-3.64030358192499,,,,
391,HKG JFK,15.45,78100,127400,10400,176864,212232,7783,7427.65,349532,23,3,2017,5,20,222632,Long,0.816840818265491,0.763203573820613,126900,123632.892635202,-2.57455269093645,,,,
392,HKG JFK,15.45,78300,125800,7600,175802,212555,7783,7381.3,345255,26,4,2017,5,21,220155,Long,0.811743570559069,0.763203573820613,125100,121301.710896891,-3.03620232063037,,,,
393,HKG JFK,15.63333333,78400,130300,10700,176499,210454,8078,7452.666667,350654,40,4,2017,5,21,221154,Long,0.809980556123112,0.782841985208168,129500,128387.101398133,-0.859381159742934,,,,
394,HKG JFK,15.5,78400,128100,9500,176900,214239,8078,7411.5,351239,43,4,2017,5,21,223739,Long,0.812435513465522,0.789576109643756,127500,130537.061520397,2.38200903560539,,,,
395,HKG JFK,15.78333333,78300,130700,10400,176937,210913,8079,7289.833334,351313,50,4,2017,5,22,221313,Long,0.784753669424059,0.775498082421047,130000,132232.974874397,1.71767298030499,,,,
396,HKG JFK,15.03333333,78300,125800,15200,176972,210584,7818,7276.8,350884,36,4,2017,5,22,225784,Long,0.822431310840969,0.787883903106594,125100,127662.461113632,2.04833022672428,,,,
397,HKG JFK,15.08333333,78200,125500,14600,176875,211916,7818,7244.833333,351216,38,3,2017,5,22,226516,Long,0.816104090619885,0.785272133261465,124700,127490.615745744,2.23786346892061,,,,
398,HKG JFK,15.23333333,78300,128000,8100,177004,215280,7812,7324.533333,350580,32,5,2017,5,23,223380,Long,0.816957565484863,0.77694296392377,127200,124865.279866723,-1.83547180289068,,,,
399,HKG JFK,15.25,78400,126900,10000,176745,215261,7789,7270.5,351361,34,6,2017,5,23,225261,Long,0.81004457813205,0.773808879240811,126100,125209.557707576,-0.706139803666972,,,,
400,HKG JFK,15.55,78300,128300,6800,174896,216019,7760,7231.3,350419,34,6,2017,5,23,222819,Long,0.790133490663441,0.756054628688224,127600,124802.543797219,-2.19236379528271,,,,
401,HKG JFK,15.13333333,78400,125900,8400,177302,216863,7783,7162.533333,350463,41,6,2017,5,24,225263,Long,0.804167546569227,0.779173692827691,125200,125315.546607659,0.092289622730912,,,,
402,HKG JFK,15.48333333,78100,126500,11500,177028,203892,8106,7347.316667,341192,49,6,2017,5,24,215392,Long,0.806266803798023,0.793165808544259,125800,124190.536293638,-1.27938291443759,,,,
403,HKG JFK,16.21666667,78200,132200,5700,176710,214112,8037,7307.25,351312,45,5,2017,5,25,219812,Long,0.765608700808461,0.75085180136899,131500,139899.038386809,6.38710143483572,,,,
404,HKG JFK,15.81666667,78700,129900,13000,176202,207501,8056,7391.7,349801,42,5,2017,5,25,220501,Long,0.794042694687157,0.77166063158873,129300,128507.711909164,-0.612751810391543,,,,
405,HKG JFK,15.5,78800,128900,13500,177014,208801,7667,7450,350501,14,4,2017,5,25,222301,Long,0.816655815329979,0.749403321693325,128200,120905.465869385,-5.68996422044886,,,,
406,HKG JFK,15,78600,123800,9500,176145,213690,7253,7088,346590,11,2,2017,5,26,223190,Long,0.802873149847095,0.732568545104527,123400,112806.9606413,-8.58431066345258,,,,
407,HKG JFK,15.31666667,78700,127400,9800,176574,214420,8114,7302.216666,351020,53,5,2017,5,26,224220,Long,0.810037152273393,0.802587868607157,126800,131629.460875732,3.80872308811691,,,,
408,HKG JFK,15.31666667,78600,127400,8800,176864,216189,8114,7302.216666,351389,53,5,2017,5,26,224989,Long,0.810037152273393,0.802587868607157,126400,132331.078503362,4.69230894253361,,,,
409,HKG JFK,14.6,78600,120100,9400,175802,217401,7789,6986,346401,55,5,2017,5,27,226801,Long,0.812999371622471,0.808259274549477,119600,126810.598363254,6.02892839736915,,,,
410,HKG JFK,14.6,78100,118300,10500,177172,210456,7789,7059,338456,50,4,2017,5,27,220956,Long,0.821494784466507,0.808259274549477,117500,122991.190927279,4.67335398066295,,,,
411,HKG JFK,14.75,78500,120700,11300,176954,213825,7789,7051.5,345125,50,4,2017,5,27,225125,Long,0.812276659928471,0.800039688706601,120000,125382.518152274,4.48543179356185,,,,
412,HKG JFK,15.33333333,78000,127500,10000,176927,213401,8193,7303.666667,350201,58,5,2017,5,28,223401,Long,0.809317351613397,0.809521199954972,126800,132645.365488725,4.60990969142312,,,,
413,HKG JFK,15.31666667,78300,128800,8200,177389,214930,8112,7284.9,351230,54,5,2017,5,28,223130,Long,0.808116209086291,0.802390040687855,128100,130614.571417253,1.9629753452401,,,,
414,HKG JFK,15.3,78000,126800,8700,177028,215730,8112,7301.1,350230,53,5,2017,5,28,224430,Long,0.810795538765965,0.803264104087818,125800,131875.66816446,4.82962493200307,,,,
415,HKG JFK,15.4,78300,128200,13700,176499,207211,8175,7343.4,348411,54,6,2017,5,29,220911,Long,0.810197593232456,0.804245962203214,127500,130146.298345001,2.07552811372596,,,,
416,HKG JFK,15.91666667,78200,132400,8600,176412,210802,8327,7578.916667,351102,47,6,2017,5,29,219402,Long,0.809039069894059,0.792607709021954,131700,132103.855405975,0.306647992387643,,,,
417,HKG JFK,15.78333333,78100,130200,9000,177172,212521,8327,7585.183333,350921,47,6,2017,5,29,221521,Long,0.816548222969121,0.799303445020431,129400,134486.026886959,3.93046900074143,,,,
418,HKG JFK,16.11666667,78300,132600,5800,176332,212521,8213,7455.516667,350321,47,6,2017,5,30,218321,Long,0.785989973540834,0.772055369411622,132000,131950.918152274,-0.037183217974057,,,,
419,HKG JFK,15.83333333,78300,128500,13400,176194,202892,8213,7468.833333,344092,47,6,2017,5,30,216292,Long,0.801484075511475,0.785871097402761,127800,127438.375879021,-0.282960971032176,,,,
420,HKG JFK,15.55,78400,128100,13600,177002,206617,8213,7482.15,347817,47,6,2017,5,30,220217,Long,0.817542806572465,0.800190291935101,127600,130957.605867549,2.63135256077514,,,,
421,HKG JFK,15.48333333,78100,128000,8400,177190,215352,8174,7353.383334,351052,53,5,2017,5,31,223752,Long,0.806932536905168,0.799819555766194,127300,132532.503818429,4.11037220615034,,,,
422,HKG JFK,15.66666667,78300,128400,8900,176977,214403,8182,7383,351103,51,5,2017,5,31,223303,Long,0.800701698034898,0.791233598319251,127800,132805.071058618,3.91633103178279,,,,
423,HKG JFK,15.63333333,78300,125900,8100,175802,213807,8182,7384.7,347107,51,5,2017,5,31,221907,Long,0.802593713145142,0.792920663898642,125200,131393.57589707,4.9469456046884,,,,
424,HKG JFK,15.36666667,78500,127700,9500,177057,214705,8190,7375.566666,351205,53,5,2017,6,1,224205,Long,0.815511719439777,0.807469411983037,127000,133704.032038872,5.27876538493826,,,,
425,HKG JFK,15.63333333,78500,129000,7800,176539,214377,8190,7298.9,350877,57,5,2017,6,1,222177,Long,0.793268684292214,0.793695946874833,128700,133135.481025835,3.44637220344564,,,,
426,HKG JFK,15.36666667,78300,126000,10500,176281,211180,8190,7283.366666,346880,59,5,2017,6,1,221680,Long,0.805317224026933,0.807469411983037,125200,131572.525827066,5.08987685867919,,,,
427,HKG JFK,15.23333333,78000,126300,9700,176967,211921,8198,7344.933334,347321,56,7,2017,6,2,221621,Long,0.819232923332599,0.815332618823229,125700,132056.398276272,5.05680053800457,,,,
428,HKG JFK,15.13333333,78500,126400,9800,176110,215005,8139,7200.733334,350505,62,6,2017,6,2,224805,Long,0.808456420198853,0.814813656164021,125700,132655.985886516,5.53379943239121,,,,
429,HKG JFK,15.23333333,78500,126600,9900,176464,212176,8139,7225,347876,60,5,2017,6,2,222076,Long,0.805855901268645,0.809464770017354,125800,130344.579260094,3.61254313203014,,,,
430,HKG JFK,15.41666667,78500,128700,8300,176902,215162,8137,7335.333333,351362,52,6,2017,6,3,223462,Long,0.808432670274734,0.799642157422878,127900,131443.146874213,2.77024775153474,,,,
431,HKG JFK,15.25,78500,126400,11400,176052,211515,8137,7313.5,348815,54,6,2017,6,3,222915,Long,0.814835433899835,0.808381416148733,125900,131331.733342375,4.31432354438033,,,,
432,HKG JFK,15.2,78500,127900,11200,176377,212798,8137,7316.2,350898,54,6,2017,6,3,223998,Long,0.817817624336069,0.811040565543959,126900,132600.714638536,4.49228891925619,,,,
433,HKG JFK,15.61666667,78300,128300,9200,177049,214094,7667,7448.366667,351094,14,3,2017,6,4,223294,Long,0.810377159016334,0.743804790849553,127800,121095.771566743,-5.24587514339361,,,,
434,HKG JFK,15.08333333,78500,123400,9900,176942,214065,8102,7197,346665,60,6,2017,6,4,223965,Long,0.810715839828638,0.81379826345413,122700,131169.534359338,6.90263598968033,,,,
435,HKG JFK,15.01666667,78500,124900,10300,176159,213619,8102,7201,348119,60,6,2017,6,4,223919,Long,0.814767607653226,0.817411129966421,124200,131417.937828004,5.81154414493115,,,,
436,HKG JFK,15.21666667,78300,126300,9500,176865,213926,8132,7234.216666,349026,59,6,2017,6,5,223426,Long,0.807767673665859,0.809654420558012,125600,131304.822981344,4.54205651380917,,,,
437,HKG JFK,15.58333333,78300,128200,9800,176377,208311,8191,7396.25,345611,51,7,2017,6,5,218111,Long,0.806428200161597,0.796339786201134,127500,128055.219885894,0.43546657717155,,,,
438,HKG JFK,15.75,78500,130100,12200,176892,205006,8191,7403.5,346806,50,7,2017,6,5,217206,Long,0.798676685597786,0.78791290998814,129600,127997.729243931,-1.23632002783068,,,,
439,HKG JFK,15.26666667,78600,129100,13200,177777,209753,8166,7417.933333,351253,49,7,2017,6,6,222953,Long,0.825568638878527,0.810376803005725,128300,133454.390628706,4.01745177607644,,,,
440,HKG JFK,15.68333333,78500,128700,11300,176626,205225,8211,7536.616667,344325,43,8,2017,6,6,216525,Long,0.816493135541852,0.793194196255271,127800,127712.460234943,-0.068497468745998,,,,
441,HKG JFK,15.7,78600,129100,9600,176946,209204,8123,7526.4,347304,38,6,2017,6,7,218804,Long,0.814520703558698,0.783860264088052,128500,127533.863575533,-0.751857139663081,,,,
442,HKG JFK,15.96666667,78300,131200,9200,177057,208364,8168,7609.166667,348364,35,6,2017,6,7,217564,Long,0.809724578930222,0.7750385755931,130800,127194.635937043,-2.75639454354532,,,,
443,HKG JFK,15.8,78300,130300,8700,176892,208319,8168,7615,346719,35,6,2017,6,7,217019,Long,0.818893276042271,0.783214088157381,129700,127491.58411843,-1.70271077993072,,,,
444,HKG JFK,14.88333333,78300,124500,8700,177142,217712,7404,7076.566667,350312,22,3,2017,6,8,226412,Long,0.807861438285814,0.753681838762138,123900,117906.296386432,-4.83753318286385,,,,
445,HKG JFK,15.85,78300,129600,9000,176223,210171,8151,7548.7,348071,38,7,2017,6,8,219171,Long,0.809202813069777,0.779118425637472,128900,128140.665950656,-0.589087703137359,,,,
446,HKG JFK,15.68333333,78300,129300,9100,176539,210233,8151,7539.35,348133,39,7,2017,6,8,219333,Long,0.816789256200709,0.787398111518294,128800,128790.062467611,-0.007715475457093,,,,
447,HKG JFK,15.21666667,78600,126000,9900,176993,213266,7899,7275.116667,348566,41,4,2017,6,9,223166,Long,0.812334539634157,0.786456009344286,125400,126002.094484865,0.480139142635472,,,,
448,HKG JFK,15.4,78100,124700,9500,176979,209361,8145,7313.4,342861,54,6,2017,6,9,218861,Long,0.806887692124389,0.801294600874028,124000,127634.278865464,2.93087005279335,,,,
449,HKG JFK,15.16666667,78500,121200,7900,176967,204839,7799,7283.333333,333139,34,4,2017,6,9,212739,Long,0.815933057575898,0.779059498504307,120400,116481.325107963,-3.25471336547966,,,,
450,HKG JFK,15.4,78100,128000,9600,176297,211322,8136,7366,348022,50,6,2017,6,10,220922,Long,0.812691052067199,0.800409192475272,127100,129430.591579387,1.83366764703969,,,,
451,HKG JFK,15.65,78100,130300,8400,176464,211379,8126,7437.4,349379,44,6,2017,6,10,219779,Long,0.807460491836914,0.786655031477915,129600,128102.383858606,-1.15556801033475,,,,
452,HKG JFK,15.65,78100,127400,8600,177049,211144,8126,7453.05,346544,43,6,2017,6,10,219744,Long,0.809159574405721,0.786655031477915,126800,128080.281053469,1.00968537339812,,,,
453,HKG JFK,15.51666667,78500,128700,10400,176377,211193,7812,7393.05,349493,27,6,2017,6,11,221593,Long,0.809542581039938,0.762756035143272,127900,122940.51786655,-3.87762481114171,,,,
454,HKG JFK,15.48333333,78200,127500,8400,177142,211623,7812,7424.916667,346723,25,6,2017,6,11,220023,Long,0.814782334943248,0.764398136731773,126700,122002.499341773,-3.70757747294936,,,,
455,HKG JFK,15.5,78000,128400,9400,176281,209879,7812,7409,346979,26,6,2017,6,11,219279,Long,0.812161467889908,0.763576203087029,127700,121251.125745591,-5.05001899327252,,,,
456,HKG JFK,15.46666667,78600,128600,10100,176549,212712,8141,7367.666667,350512,50,5,2017,6,12,222812,Long,0.809371163995805,0.797448926004694,127700,130985.327185328,2.57269160949749,,,,
457,HKG JFK,15.46666667,78100,128300,11200,176052,209436,8094,7351.6,348036,48,6,2017,6,12,220636,Long,0.807606168742252,0.792845056759857,127400,127956.86544141,0.437100032503679,,,,
458,HKG JFK,15.45,78500,128000,12500,176865,207504,8197,7455.4,347304,48,7,2017,6,13,220004,Long,0.819892568510436,0.80380055179334,127300,130729.16181224,2.69376418871929,,,,
459,HKG JFK,15.7,78400,129900,8400,176281,212257,8152,7382.7,349957,49,7,2017,6,13,220657,Long,0.798969228072226,0.786658731114835,129300,130022.934976062,0.559114443976938,,,,
460,HKG JFK,15.6,78100,126700,9100,175767,209292,8152,7372,344592,50,7,2017,6,13,218392,Long,0.80292542931075,0.791701415288648,126200,127748.14312747,1.22673781891414,,,,
461,HKG JFK,14.98333333,78400,126400,9700,176937,215695,8168,7134.15,350995,69,8,2017,6,14,225395,Long,0.808999549144227,0.825903176572167,125600,133837.053830615,6.55816387787815,,,,
462,HKG JFK,14.93333333,78200,123700,10800,176167,211629,8168,7167.466667,345329,67,8,2017,6,14,222429,Long,0.81549895171465,0.8286684773872,122900,131657.628825746,7.12581678254338,,,,
463,HKG JFK,15.11666667,78300,122600,9700,176942,209680,8168,7170.3,341280,66,7,2017,6,14,219380,Long,0.805927127236541,0.818618473439331,121900,128673.315768484,5.55645264026552,,,,
464,HKG JFK,15.05,78400,126100,11600,176539,214259,8279,7240.55,351359,69,7,2017,6,15,225859,Long,0.817428059373952,0.833418681822169,125500,137451.458875457,9.5230748011609,,,,
465,HKG JFK,14.95,78200,126600,10800,176281,213188,8279,7232.5,349788,70,7,2017,6,15,223988,Long,0.821980914976527,0.83899338872399,125800,136371.824220198,8.40367585071344,,,,
466,HKG JFK,15.1,78400,123600,9500,176464,210985,8279,7222,343585,70,7,2017,6,15,220485,Long,0.81263406039249,0.830659017312824,123100,132157.903074241,7.35816659158448,,,,
467,HKG JFK,14.88333333,78500,124500,17400,176993,209417,8531,7563.583334,350717,65,7,2017,6,16,226817,Long,0.863459301408827,0.868403534100459,123900,194822.001916863,57.2413251952079,,,,
468,HKG JFK,15.06666667,78000,126100,14700,176829,210872,8413,7222.733333,350972,79,8,2017,6,16,225572,Long,0.814514621857163,0.845971159285444,125400,139932.779927804,11.5891386984084,,,,
469,HKG JFK,15.05,78500,125900,15900,176942,208101,8413,7209,349401,80,8,2017,6,16,224001,Long,0.813866195251303,0.846908004610449,125400,138394.19591155,10.3621976966107,,,,
470,HKG JFK,15.26666667,78400,128500,12400,176549,211067,8538,7225.066666,351367,86,9,2017,6,17,223467,Long,0.804103809736039,0.847293306889895,127900,140617.867965003,9.9436027873365,,,,
471,HKG JFK,14.91666667,78300,128900,11300,176840,211073,7267,7132.75,350673,9,5,2017,6,17,222373,Long,0.812455722228026,0.738083036258774,128300,112433.30347244,-12.3668718063604,,,,
472,HKG JFK,15.83333333,78400,129800,7100,176377,211960,7277,7134.5,348260,9,5,2017,6,17,219060,Long,0.765606605668987,0.696308775818811,129200,120332.616025758,-6.86330028966095,,,,
473,HKG JFK,15.53333333,78400,127300,7100,176281,211319,7364,7146.533333,345019,14,3,2017,6,18,218419,Long,0.78170924142182,0.718242279881914,126600,114922.023397796,-9.22431011232513,,,,
474,HKG JFK,15.63333333,78400,129300,6800,176942,215810,7364,7207.666667,351110,10,3,2017,6,18,222610,Long,0.783353142714809,0.713647979583183,128500,117849.643647423,-8.28821506037127,,,,
475,HKG JFK,16.26666667,78300,131500,3400,175767,210264,8349,7373,344664,60,8,2017,6,18,213664,Long,0.770123101039526,0.777602668602073,131000,138020.17115182,5.35890927619884,,,,
476,HKG JFK,15.76666667,78500,130800,7700,176979,210287,8159,7433.733333,348287,46,7,2017,6,19,217987,Long,0.801090489951242,0.784005114224044,130300,127726.716713557,-1.97489124055515,,,,
477,HKG JFK,15.66666667,79100,128700,13000,177142,206381,8260,7414,347381,54,7,2017,6,19,219381,Long,0.80406371247776,0.798776524335983,128000,130777.934636191,2.17026143452401,,,,
478,HKG JFK,15.61666667,79100,126400,14900,176993,201855,8260,7385.466666,342555,56,7,2017,6,19,216755,Long,0.803533682359362,0.801333973186032,125800,128714.806331724,2.31701616194266,,,,
479,HKG JFK,15.45,78800,127000,9300,176549,210613,7264,7372.15,346413,-7,5,2017,6,20,219913,Long,0.8107373177756,0.712310260854803,126500,110620.861220294,-12.5526788772376,,,,
480,HKG JFK,15.9,79000,130400,7200,175744,213610,7656,7528.8,350810,8,5,2017,6,20,220810,Long,0.804531625411113,0.729502272491053,130000,119181.554158862,-8.32188141626035,,,,
481,HKG JFK,15.73333333,78300,130800,10000,176464,210584,7662,7520.4,351284,9,5,2017,6,20,220584,Long,0.812147069060393,0.737807817455147,130700,119228.639943508,-8.7768630883644,,,,
482,HKG JFK,15,78300,124500,8500,177138,214444,7262,7217,346944,3,5,2017,6,21,222944,Long,0.817485259938838,0.733477564393916,124000,113112.17085855,-8.78050737213704,,,,
483,HKG JFK,15.71666667,78300,129700,9300,176281,210813,7921,7465.216667,349313,29,5,2017,6,21,220113,Long,0.807042598590603,0.763556923618844,129200,124049.224072543,-3.9866686745026,,,,
484,HKG JFK,15.53333333,78100,127000,9100,176467,205864,7921,7470.533333,341064,29,6,2017,6,21,214964,Long,0.817149332784266,0.772568861888192,126100,120614.777318146,-4.34989903398382,,,,
485,HKG JFK,14.96666667,78300,122800,8900,176061,212181,7286,7121.366667,343281,11,6,2017,6,22,221081,Long,0.808449218262483,0.737540594767874,122200,111769.630121703,-8.53549089876994,,,,
486,HKG JFK,15.46666667,78200,126100,10400,176700,210406,8151,7346.733333,346206,52,7,2017,6,22,220806,Long,0.807071543622269,0.798428472652532,125400,129417.812443699,3.20399716403423,,,,
487,HKG JFK,15.18333333,78100,128600,10200,176464,213565,8179,7389.466667,351465,52,8,2017,6,22,223765,Long,0.826914204775001,0.816121709061196,127700,134684.184772884,5.46921282136548,,,,
488,HKG JFK,15.36666667,78100,129000,7000,176967,215853,8142,7358.3,351253,51,8,2017,6,23,222853,Long,0.813602555079449,0.802736990520865,128400,131279.086316938,2.24227906303585,,,,
489,HKG JFK,15.53333333,78100,129900,9300,176919,212799,8142,7380.866667,351399,49,8,2017,6,23,222099,Long,0.807341323969514,0.794123933025332,129300,130391.546630705,0.844196930166041,,,,
490,HKG JFK,15.43333333,78100,129200,7800,176865,214601,8142,7401.2,350901,48,8,2017,6,23,222401,Long,0.814811009367912,0.799269444471532,128500,130995.457119098,1.94198997595156,,,,
491,HKG JFK,15.41666667,77400,128300,7600,176467,215886,8110,7323.75,351186,51,8,2017,6,24,223486,Long,0.807156062291247,0.796988803821991,127700,130888.02051873,2.49649218381334,,,,
492,HKG JFK,15.38333333,77800,128700,9700,176142,213368,8198,7382.683334,351068,53,8,2017,6,24,223068,Long,0.815414207955104,0.807382463275018,128000,132869.998342145,3.8046862048011,,,,
493,HKG JFK,15.43333333,77800,127700,10500,176594,212014,8198,7380.033334,349414,53,8,2017,6,24,222514,Long,0.812480734139885,0.804766753350236,126900,132127.781736577,4.11960735742847,,,,
494,HKG JFK,15.23333333,77900,126300,9000,177354,211655,8087,7310.1,346255,51,8,2017,6,25,220655,Long,0.815347712641917,0.804293106663022,125600,128372.417955571,2.20733913660107,,,,
495,HKG JFK,15.26666667,77800,127700,7900,175980,216033,8087,7262.6,351033,54,8,2017,6,25,223933,Long,0.808281030210922,0.802537007826022,127100,130708.166182845,2.83884042710096,,,,
496,HKG JFK,15.18333333,78000,125600,9600,176942,212862,8087,7267.1,347162,54,8,2017,6,25,222462,Long,0.813220830217106,0.806941711844711,124700,129707.839177497,4.01590952485718,,,,
497,HKG JFK,14.96666667,77800,125700,10200,176829,215645,8088,7219.933333,351145,58,9,2017,6,26,225845,Long,0.819638944647469,0.818724722822202,125300,133373.771492202,6.44355266735974,,,,
498,HKG JFK,15.33333333,78000,126900,10500,176594,212711,8088,7275.333334,349611,53,8,2017,6,26,223211,Long,0.806177742516332,0.799146523280339,126400,130185.261740044,2.99466909813588,,,,
499,HKG JFK,15.25,78000,127400,8700,176539,214783,8088,7279.75,350283,53,8,2017,6,26,223483,Long,0.811075169198376,0.803513443997905,126800,130460.862991542,2.88711592392863,,,,
500,HKG JFK,15.4,78400,128100,8400,177142,214798,8149,7409.8,350598,48,7,2017,6,27,223198,Long,0.817523507684976,0.801688115717919,127400,132130.526905008,3.71312943878206,,,,
501,HKG JFK,15.7,78100,129500,8500,177137,213732,8084,7361.8,351032,46,7,2017,6,27,222232,Long,0.796707392041138,0.780096808431345,128800,130209.274353423,1.0941571066952,,,,
502,HKG JFK,15.63333333,78100,128800,8000,176061,212989,8084,7396.133333,349189,44,7,2017,6,27,220989,Long,0.803836325767819,0.783423447440311,128200,128366.852196622,0.130149919361711,,,,
503,HKG JFK,15.71666667,78100,130100,9100,176377,212612,8189,7466.033333,351212,46,7,2017,6,28,221712,Long,0.807130886013802,0.78939119397989,129500,131101.716908526,1.23684703361111,,,,
504,HKG JFK,15.58333333,78100,129000,10400,176549,210109,8167,7387.833334,348809,50,7,2017,6,28,220509,Long,0.805510513853821,0.794006474655679,128300,129652.817893368,1.05441768773833,,,,
505,HKG JFK,15.53333333,78100,129100,8800,176167,212614,8167,7405.866667,349614,49,7,2017,6,28,221414,Long,0.810075898919898,0.79656228948881,128200,130170.879650951,1.53734762164677,,,,
506,HKG JFK,15.31666667,78000,128800,9200,176142,213629,8153,7402.483333,350829,49,7,2017,6,29,222829,Long,0.821159764605362,0.806445513033541,128000,132379.767170542,3.42169310198626,,,,
507,HKG JFK,15.83333333,78000,131600,5900,176921,214662,8153,7424.666667,351262,46,7,2017,6,29,220562,Long,0.796744529397131,0.780129922942252,130700,130264.738114851,-0.333023630565676,,,,
508,HKG JFK,15.83333333,78100,131700,6800,176967,212726,8153,7456.333333,350526,44,7,2017,6,29,219526,Long,0.800142694534745,0.780129922942252,131000,128969.841777569,-1.54973910109211,,,,
509,HKG JFK,15.15,77600,126700,8800,176167,216241,7261,7170.1,351441,6,4,2017,6,30,225041,Long,0.804131480303994,0.726115408168961,126400,114185.959171481,-9.66300698458815,,,,
510,HKG JFK,15.7,77600,130900,7900,176539,212671,7789,7459.3,350971,21,6,2017,6,30,220571,Long,0.807259019458891,0.751629643848558,130400,121774.221880153,-6.61486052135525,,,,
511,HKG JFK,15.7,78000,131000,7900,177049,213009,7789,7427.9,351309,23,6,2017,6,30,220909,Long,0.803860854321276,0.751629643848558,130400,122182.281802756,-6.3019311328556,,,,
512,HKG JFK,15.61666667,78000,130000,7500,176967,212493,8052,7442.95,349293,39,7,2017,7,1,219993,Long,0.809787829407753,0.781155103159072,129300,126859.083983419,-1.88779274290841,,,,
513,HKG JFK,15.7,78000,131500,8500,176549,210586,8052,7424,349986,40,7,2017,7,1,219086,Long,0.803438789224566,0.777008844815585,130900,126158.42600776,-3.62228723624137,,,,
514,HKG JFK,15.58333333,78000,129100,8300,176281,211884,8052,7428.666667,348584,40,7,2017,7,1,220184,Long,0.809962655341596,0.78282602350037,128400,126921.046075775,-1.15183327431845,,,,
515,HKG JFK,15.48333333,77700,129100,9600,176377,212650,8139,7473.216667,350550,43,7,2017,7,2,222250,Long,0.820082594675843,0.796394832931375,128300,131413.438036027,2.42668592051956,,,,
516,HKG JFK,15.73333333,78100,129800,10000,177049,210873,8139,7541.133333,349973,38,7,2017,7,2,220873,Long,0.814386114320879,0.783740254015589,129100,129587.364198682,0.377509061720782,,,,
517,HKG JFK,15.41666667,78000,129700,10600,176942,211316,8139,7553.166667,350916,38,7,2017,7,2,221916,Long,0.832440247760429,0.799838702134054,129000,133185.39172949,3.24448971278271,,,,
518,HKG JFK,15.45,78600,127900,9800,177137,210937,7667,7419.8,347937,16,6,2017,7,3,220737,Long,0.815977530358362,0.751828575161588,127200,119649.17382623,-5.93618409887564,,,,
519,HKG JFK,15.4,78600,128400,10400,176594,209446,7667,7436,347246,15,6,2017,7,3,219846,Long,0.820414154652687,0.754269577028996,127400,119461.849853314,-6.23088708531095,,,,
520,HKG JFK,15.4,78400,128100,8600,177354,213230,7667,7405.2,349330,17,6,2017,7,3,221830,Long,0.817015989515072,0.754269577028996,127500,120579.480615399,-5.42785834086376,,,,
521,HKG JFK,15.73333333,78300,131800,7000,176191,213161,8156,7495.2,351161,42,8,2017,7,4,220161,Long,0.809425657160639,0.785377259092167,131000,129072.594222594,-1.47130212015735,,,,
522,HKG JFK,15.73333333,78300,129900,8700,176942,212076,8156,7510.933333,350176,41,8,2017,7,4,220776,Long,0.811124739729447,0.785377259092167,129400,129548.811693902,0.115001309042939,,,,
523,HKG JFK,15.73333333,78300,131100,8000,176829,212682,8156,7526.666667,351182,40,8,2017,7,4,220682,Long,0.812823822298254,0.785377259092167,130500,129673.71974293,-0.633164947946729,,,,
524,HKG JFK,15.66666667,78500,130100,9700,176700,212020,8199,7525.333333,351220,43,8,2017,7,5,221720,Long,0.816138043925585,0.792877569374179,129500,131790.406658849,1.76865379061686,,,,
525,HKG JFK,15.75,78500,131000,8800,176052,211002,8140,7462.75,349902,43,8,2017,7,5,219802,Long,0.805068472404252,0.78300709160096,130100,128487.859639836,-1.2391547733772,,,,
526,HKG JFK,15.6,78100,128100,9400,176594,208750,8140,7500.4,345650,41,8,2017,7,5,218150,Long,0.816910185838626,0.790536005943277,127500,127591.602806565,0.071845338482302,,,,
527,HKG JFK,15.88333333,78200,131800,9300,176782,210796,8081,7588.616667,351196,31,8,2017,7,6,220096,Long,0.811774583582939,0.770806388152856,131100,127513.23293714,-2.73590164977908,,,,
528,HKG JFK,15.75,78000,131300,9700,176840,209253,8081,7592.75,349553,31,8,2017,7,6,218953,Long,0.819092645988059,0.777331733074614,130600,127254.45581692,-2.56167242196004,,,,
529,HKG JFK,15.83333333,78200,130600,9300,177049,210524,8081,7606,349824,30,8,2017,7,6,219824,Long,0.816203496078266,0.77324051358964,130000,127641.482046774,-1.81424457940431,,,,
530,HKG JFK,15.8,78100,132400,7000,176110,211731,8120,7551.2,350631,36,9,2017,7,7,218731,Long,0.812032423644176,0.778611458844017,131900,127230.546314491,-3.54014684269093,,,,
531,HKG JFK,15.71666667,78100,128100,8700,175848,207001,8120,7507.05,343101,39,8,2017,7,7,215701,Long,0.811565077109589,0.782739833327233,127400,124970.314358726,-1.90713158655731,,,,
532,HKG JFK,15.83333333,78100,132800,7300,176892,211743,8120,7502.5,351143,39,8,2017,7,7,219043,Long,0.805096861603048,0.776972276988971,132100,127508.831366879,-3.47552508184814,,,,
533,HKG JFK,14.76666667,78300,123800,11200,177130,214505,7433,7152.433333,349205,19,8,2017,7,8,225705,Long,0.822973462643728,0.762611780643973,123500,119315.614006618,-3.38816679626077,,,,
534,HKG JFK,15.71666667,78000,130100,10100,176377,209987,8150,7584.2,349587,36,8,2017,7,8,220087,Long,0.819905536505517,0.785631729263171,129500,129781.853557127,0.21764753446103,,,,
535,HKG JFK,16.28333333,77600,134200,6000,177057,211814,8150,7547.516667,351214,37,7,2017,7,8,217814,Long,0.787544770252871,0.75829142375021,133400,129601.989596855,-2.84708426022849,,,,
536,HKG JFK,14.6,78500,122900,10200,176539,215975,7445,6992.4,348575,31,8,2017,7,9,226175,Long,0.813744174940304,0.77256262665565,122400,118948.012040299,-2.82025160106276,,,,
537,HKG JFK,15.21666667,78600,127400,6000,176467,218034,7440,7044.366667,350934,26,8,2017,7,9,224034,Long,0.786569152827052,0.740756134893213,126900,119728.689754197,-5.65115070591217,,,,
538,HKG JFK,14.81666667,79000,127100,7900,176829,215473,7439,7053.766667,349873,26,8,2017,7,9,223373,Long,0.808881798757529,0.760651798902796,126500,116639.494675756,-7.79486586896779,,,,
539,HKG JFK,15.75,79000,130300,9200,177434,212421,8076,7524.75,351221,35,8,2017,7,10,221621,Long,0.811756924421145,0.776850770487636,129600,128670.2224308,-0.71742096388927,,,,
540,HKG JFK,15.95,78800,131000,7100,175767,213687,8076,7517.75,351187,35,8,2017,7,10,220787,Long,0.800832475338644,0.767109694995628,130400,128300.154692581,-1.61031081857282,,,,
541,HKG JFK,15.96666667,78500,131500,6300,177142,213532,8076,7533.133333,350732,34,8,2017,7,10,219832,Long,0.801633540645315,0.766308954026674,130900,127431.243056701,-2.64992891008299,,,,
542,HKG JFK,15.75,78500,131200,10000,176865,210605,8075,7618.25,351105,29,7,2017,7,11,220605,Long,0.821843541575652,0.77675457797024,130500,128864.074191595,-1.25358299494674,,,,
543,HKG JFK,15.93333333,78500,129900,9000,176910,207791,8066,7588,345891,30,8,2017,7,11,216791,Long,0.809161414329113,0.76696125415776,129100,124589.850144953,-3.49353203334417,,,,
544,HKG JFK,16.01666667,78300,132400,7400,176942,211875,8066,7601.516667,350875,29,8,2017,7,11,219275,Long,0.806385294192275,0.762970820675163,131600,126435.421061627,-3.92445208083089,,,,
545,HKG JFK,14.25,78300,120000,9000,177385,218239,7265,6837.5,346739,30,7,2017,7,12,227239,Long,0.815261548366328,0.772400600867066,119500,116069.978767571,-2.87031065475229,,,,
546,HKG JFK,14.35,78000,117100,10100,177049,212450,7302,6842.8,339050,32,8,2017,7,12,222550,Long,0.810207818943196,0.770924372952476,116500,113118.795583711,-2.90232138737245,,,,
547,HKG JFK,14.5,78000,117400,8800,176167,209928,7296,6832,335428,32,7,2017,7,12,218728,Long,0.800560835178741,0.762322383377527,116700,110769.707100488,-5.0816562977824,,,,
548,HKG JFK,14.91666667,78300,123700,9400,176159,213127,7364,7080.583333,345627,19,7,2017,7,13,222527,Long,0.806513679275427,0.747934977158334,123100,114404.897368418,-7.06344649194284,,,,
549,HKG JFK,15.95,78000,128300,7400,176781,208948,7783,7527.8,343948,16,7,2017,7,13,216348,Long,0.801903057145322,0.739278696898337,127600,118649.628947908,-7.01439737624777,,,,
550,HKG JFK,15.55,78000,129800,10500,176829,210456,7783,7518.65,350156,17,7,2017,7,13,220956,Long,0.82153100681436,0.758295512252635,129200,122869.727698959,-4.89959156427292,,,,
551,HKG JFK,15.65,78300,131300,9800,176110,210807,7789,7538.6,351307,16,8,2017,7,14,220607,Long,0.818447530556614,0.754031016512611,130700,122339.198277291,-6.39694087429883,,,,
552,HKG JFK,15.56666667,78300,126900,14200,176539,201980,7789,7508.8,342680,18,8,2017,7,14,216180,Long,0.819576307697646,0.758067584961165,126500,119135.019478007,-5.82211898971755,,,,
553,HKG JFK,14.13333333,78300,124000,17100,177057,208258,7364,6968.266667,348758,28,8,2017,7,14,225358,Long,0.837711822954164,0.789388920830394,123400,121112.057024162,-1.85408669030618,,,,
554,HKG JFK,15.73333333,78300,130200,8900,176942,212493,7789,7521.533333,350893,17,7,2017,7,15,221393,Long,0.812269460604272,0.750037208321345,129500,122412.224512448,-5.47318570467325,,,,
555,HKG JFK,15.58333333,78600,128400,8100,177142,212226,7789,7492.916667,348126,19,8,2017,7,15,220326,Long,0.816967963680652,0.757256817814752,127800,121961.218011247,-4.56868700215376,,,,
556,HKG JFK,15.5,78300,127500,9700,175744,209555,7789,7494.5,346055,19,8,2017,7,15,219255,Long,0.82153382657591,0.761328090865959,126800,121681.87714816,-4.03637448883307,,,,
557,HKG JFK,15.6,78100,131300,8500,176902,212195,7783,7486.6,351095,19,8,2017,7,16,220695,Long,0.815407151258527,0.755865077918492,130400,121973.221897182,-6.46225314633279,,,,
558,HKG JFK,15.33333333,78200,128600,10000,176937,213071,7799,7431,350971,24,8,2017,7,16,223071,Long,0.823427124240523,0.770591460813967,127900,125154.022657788,-2.14697212057208,,,,
559,HKG JFK,15.23333333,78200,128800,9900,176549,213389,7799,7402.933333,351289,26,8,2017,7,16,223289,Long,0.825702077961208,0.775650048085187,128000,125668.433038499,-1.82153668867234,,,,
560,HKG JFK,15.13333333,78500,128600,8500,176458,214846,7799,7284.466667,351146,34,9,2017,7,17,223346,Long,0.817857511408162,0.780775488932694,127800,124655.582750277,-2.46042038319516,,,,
561,HKG JFK,15.18333333,78300,128500,8800,176297,214116,7818,7332.133333,351016,32,9,2017,7,17,222916,Long,0.820498349621569,0.780100198244337,128100,125036.21334523,-2.39171479685398,,,,
562,HKG JFK,15.03333333,78100,129300,7400,176967,213920,7812,7345.966667,350020,31,9,2017,7,17,221320,Long,0.830248597604179,0.78727923395609,128700,125120.396360225,-2.78135480946002,,,,
563,HKG JFK,15.13333333,78600,127100,9700,176539,209195,7789,7304.733333,345795,32,9,2017,7,18,218895,Long,0.820132934759974,0.779774366367067,126900,121225.469503551,-4.47165523754832,,,,
564,HKG JFK,15.53333333,78600,128600,8800,176942,212351,7789,7307.466667,349351,31,9,2017,7,18,221151,Long,0.799312611908624,0.759694339761031,128200,122639.756134358,-4.33716370174898,,,,
565,HKG JFK,15.41666667,78200,128000,8300,176829,210328,7789,7311.083333,346128,31,9,2017,7,18,218628,Long,0.805760059323443,0.765443377678112,127500,120207.177499146,-5.71986078498351,,,,
566,HKG JFK,15.26666667,78000,127500,8700,177726,215097,7789,7315.733333,350797,31,8,2017,7,19,223797,Long,0.814194431123576,0.77296410955322,127000,124448.429975986,-2.00911025512938,,,,
567,HKG JFK,15.55,78200,128800,9800,176167,211206,7818,7367.05,349006,29,8,2017,7,19,221006,Long,0.804966317590489,0.761705552459347,128000,122560.346127883,-4.24972958759171,,,,
568,HKG JFK,15.51666667,78200,130600,9400,176919,211767,8124,7503.333333,351067,40,9,2017,7,19,221167,Long,0.821618659827226,0.793219409818733,129900,130370.706662724,0.36236078731624,,,,
569,HKG JFK,15.6,78400,130100,8700,176700,213257,8132,7492.4,351057,41,8,2017,7,20,221957,Long,0.816038861444366,0.789759066379696,129100,130515.345401641,1.09631711978364,,,,
570,HKG JFK,15.81666667,78500,131500,7100,177049,212384,8062,7508.416667,350484,35,9,2017,7,20,219484,Long,0.806580814001413,0.772235354005504,131000,126419.146496204,-3.49683473572205,,,,
571,HKG JFK,15.6,78600,130900,8000,176142,212739,8062,7531.6,350939,34,9,2017,7,20,220739,Long,0.820308350976241,0.782960845198366,130200,128478.064413536,-1.32253117239962,,,,
572,HKG JFK,15.68333333,78000,130200,9700,176942,212021,8116,7551.4,351221,36,8,2017,7,21,221721,Long,0.818094714964248,0.784017062088391,129500,130199.026720746,0.53978897354876,,,,
573,HKG JFK,15.81666667,78400,131100,8200,177142,210659,8116,7594.05,349059,33,9,2017,7,21,218859,Long,0.815779851132468,0.777407855756471,130200,127549.2088389,-2.03593791175102,,,,
574,HKG JFK,15.03333333,78300,123400,10100,177057,211233,7659,7208,344133,30,7,2017,7,21,221333,Long,0.814655465111889,0.77186017061824,122800,119821.489559126,-2.42549710168918,,,,
575,HKG JFK,15.11666667,78400,126900,9200,177049,215739,7667,7289.083333,350939,25,7,2017,7,22,224939,Long,0.819278132174967,0.768406933871126,126000,123261.180695447,-2.173666114725,,,,
576,HKG JFK,15.35,78200,128000,9400,176549,211439,7730,7392.3,348439,22,8,2017,7,22,220839,Long,0.818249385888892,0.762944528445108,127600,121264.849728093,-4.96485131027218,,,,
577,HKG JFK,15.35,78200,124400,9700,176937,205616,7730,7392.3,339116,22,8,2017,7,22,215316,Long,0.818249385888892,0.762944528445108,123800,117179.821649085,-5.34747847408312,,,,
578,HKG JFK,15.8,78200,131900,8800,176464,210184,7783,7561.8,350484,14,9,2017,7,23,218984,Long,0.813172314481477,0.746297165539777,131500,120491.419264785,-8.37154428533489,,,,
579,HKG JFK,15.68333333,78200,130600,9300,177000,211575,7783,7532.066667,351075,16,9,2017,7,23,220875,Long,0.816000202969527,0.75184879179817,130200,122167.019348707,-6.16972400252901,,,,
580,HKG JFK,15.66666667,78200,132600,8000,176902,211513,7783,7516.666667,351113,17,9,2017,7,23,219513,Long,0.815198125918398,0.752648630618275,131600,121045.482168529,-8.02015032786588,,,,
581,HKG JFK,15.26666667,78200,126600,10200,177057,211861,7667,7315.866667,347961,23,7,2017,7,24,222061,Long,0.814209270275613,0.760857084085831,125900,120507.492429321,-4.28316725232653,,,,
582,HKG JFK,15.03333333,78000,125300,9800,176549,214752,7513,7152.2,349052,24,7,2017,7,24,224552,Long,0.808348892557934,0.757146554622645,124500,118931.910129453,-4.47236134180481,,,,
583,HKG JFK,15.23333333,78000,125500,9500,177434,212186,7622,7302.1,346286,21,8,2017,7,24,221686,Long,0.814455415439072,0.75804650166756,124600,119306.655722902,-4.24826988531115,,,,
584,HKG JFK,15.11666667,78000,127200,8000,176159,213971,7667,7243.733333,348271,28,7,2017,7,25,221971,Long,0.814180884468544,0.768406933871126,126300,120436.606720746,-4.64243331690767,,,,
585,HKG JFK,14.7,78000,121500,10000,176052,211684,7346,7037.3,342584,21,6,2017,7,25,221684,Long,0.813398215065843,0.757103820845119,120900,113596.801910846,-6.0406932085639,,,,
586,HKG JFK,14.93333333,78000,124500,9600,176167,214254,7356,7057.333333,347654,20,6,2017,7,25,223854,Long,0.802968217749073,0.746288604267904,123800,115371.623629884,-6.80805845728288,,,,
587,HKG JFK,15.6,78000,131100,8600,176630,212017,7783,7502.2,351117,18,9,2017,7,26,220617,Long,0.817106233827335,0.755865077918492,130500,122076.072502639,-6.45511685621569,,,,
588,HKG JFK,15.75,78000,129300,7900,175767,212674,7799,7515.5,348974,18,9,2017,7,26,220574,Long,0.810759050531528,0.750205443169028,128400,122032.476657982,-4.9591303286744,,,,
589,HKG JFK,15.6,78000,129400,8800,176464,209976,7799,7549.4,347576,16,9,2017,7,26,218776,Long,0.82224704775347,0.757418957045653,128800,121616.87209567,-5.57696265864148,,,,
590,HKG JFK,15.66666667,78200,129600,9400,177223,209123,7789,7538.333333,347523,16,9,2017,7,27,218523,Long,0.817547920960227,0.753228855696485,129000,120643.486100146,-6.47791775182457,,,,
591,HKG JFK,15.76666667,78100,129300,9400,176829,206307,8132,7627.466667,344107,32,10,2017,7,27,215707,Long,0.821968011917837,0.781410661707308,128400,126110.371021909,-1.78320013870047,,,,
592,HKG JFK,15.56666667,78200,127100,9600,175744,209872,7789,7508.8,346172,18,9,2017,7,27,219472,Long,0.819576307697646,0.758067584961165,126700,121597.04899145,-4.02758564210759,,,,
593,HKG JFK,15.16666667,78000,128100,8400,177434,215377,7652,7257.666667,351277,26,6,2017,7,28,223777,Long,0.813057687078458,0.764375340755861,127500,121434.677347208,-4.75711580611116,,,,
594,HKG JFK,15.71666667,78000,128200,8300,176548,208406,7789,7506.1,344206,18,9,2017,7,28,216706,Long,0.811462375413655,0.750832581500716,127500,118820.400296534,-6.80752917918942,,,,
595,HKG JFK,15.5,78200,127600,12000,176052,206517,7789,7494.5,345417,19,9,2017,7,28,218517,Long,0.82153382657591,0.761328090865959,126900,121122.160212917,-4.55306523804825,,,,
596,HKG JFK,15.7,78100,130500,9200,176829,211759,7789,7553.5,350959,15,9,2017,7,29,220959,Long,0.817453514871735,0.751629643848558,130000,122503.861281579,-5.76626055263129,,,,
597,HKG JFK,15.2,78000,124900,9900,176142,209987,7730,7304.4,343887,28,8,2017,7,29,219887,Long,0.816498599710285,0.770473586291606,124000,120350.120063732,-2.94345156150622,,,,
598,HKG JFK,15.56666667,77800,129400,8800,176110,209655,7783,7487.233333,346955,19,8,2017,7,29,218455,Long,0.817222332490038,0.757483632526993,128500,120434.664149327,-6.27652595383095,,,,
599,HKG JFK,15.55,78000,129200,8900,176840,213526,7799,7472.45,351026,21,7,2017,7,30,222426,Long,0.816482928699961,0.759854387775703,128600,123772.262473628,-3.75407272657263,,,,
600,HKG JFK,15.68333333,78000,130200,7500,175767,214251,7789,7491.016667,351251,19,8,2017,7,30,221751,Long,0.811552976224742,0.752428400271868,129500,122653.825680737,-5.28662109595596,,,,
601,HKG JFK,15.6,78000,129800,8300,177137,213628,7789,7477,351028,20,8,2017,7,30,221928,Long,0.814361561985415,0.756447782591177,129100,122973.968510246,-4.74518318338838,,,,
602,HKG JFK,15.36666667,77900,129000,9200,176919,213612,7789,7374.1,351012,27,7,2017,7,31,222812,Long,0.815349551048034,0.767933974351144,128200,123757.38416656,-3.46537896524145,,,,
603,HKG JFK,15.36666667,77900,129200,8700,177057,213819,7789,7404.833333,350819,25,7,2017,7,31,222519,Long,0.818747716185648,0.767933974351144,128300,123879.905446406,-3.44512435977687,,,,
604,HKG JFK,15.23333333,77800,127700,9800,176142,214507,7789,7392.933333,351107,26,7,2017,7,31,224307,Long,0.824586706471594,0.774655497440124,126800,126096.263560135,-0.554997192322382,,,,
605,HKG JFK,15.38333333,78000,128800,8400,177137,214680,7789,7373.65,351380,27,7,2017,8,1,223080,Long,0.814416480153015,0.767101976878399,128300,123891.821400784,-3.4358367881651,,,,
606,HKG JFK,15.35,78100,128500,9200,177054,213930,7789,7343.85,351030,29,7,2017,8,1,223130,Long,0.812886483578878,0.768767779050317,127900,123855.734349243,-3.16205289347725,,,,
607,HKG JFK,15.25,78000,128200,9600,176902,214209,7783,7340.75,351309,29,7,2017,8,1,223809,Long,0.817871499473605,0.77321280101826,127500,124687.481825292,-2.2058966076141,,,,
608,HKG JFK,15.73333333,78300,130100,8200,176865,213710,7799,7405.666667,351010,25,6,2017,8,2,221910,Long,0.799756725415572,0.751000152484037,129100,123406.723736546,-4.40997386789609,,,,
609,HKG JFK,15.43333333,78000,129000,10200,176377,212876,7818,7447.6,351176,24,7,2017,8,2,223076,Long,0.819919266240941,0.767463585959032,128100,125092.627241311,-2.34767584597132,,,,
610,HKG JFK,15.51666667,78300,129900,8700,176167,213233,7818,7445.6,351033,24,7,2017,8,2,221933,Long,0.815296831672933,0.763341869271646,129100,123669.763910918,-4.20622470107078,,,,
611,HKG JFK,15.58333333,78100,130300,10700,176892,210840,7818,7475.166667,351140,22,7,2017,8,3,221540,Long,0.815032645033435,0.760076235932178,129600,123335.34004446,-4.83384255828729,,,,
612,HKG JFK,14.95,78300,125500,7100,177354,215596,7343,7103.8,347496,16,6,2017,8,3,222696,Long,0.807354030253751,0.744139202005104,124800,114085.408125303,-8.58541015600742,,,,
613,HKG JFK,14.93333333,77800,119400,9000,176464,204273,7337,7083.133333,331873,17,6,2017,8,3,213273,Long,0.805903686293807,0.744360996399349,118600,107678.734121336,-9.20848725013824,,,,
614,HKG JFK,14.81666667,78200,124100,9700,176594,216590,7430,7059.583333,349890,25,6,2017,8,4,226290,Long,0.809548817673975,0.759731531905871,123600,118515.496642176,-4.11367585584426,,,,
615,HKG JFK,14.9,78200,124100,9500,176142,214750,7425,7097.2,347650,22,6,2017,8,4,224250,Long,0.809310658210701,0.754974074241131,123400,116889.669654775,-5.27579444507692,,,,
616,HKG JFK,15.18333333,78200,124600,8000,176167,211957,7425,7090.966667,344157,22,6,2017,8,4,219957,Long,0.793510726373009,0.740885644917396,124200,114868.144021047,-7.5135716416691,,,,
617,HKG JFK,14.95,78000,124600,9000,176700,215703,7401,7176.75,348503,15,6,2017,8,5,224703,Long,0.815644871283483,0.750016918703497,123800,117068.865356569,-5.4371039123027,,,,
618,HKG JFK,16.28333333,78000,134100,7600,176840,210065,8127,7687.35,350965,27,9,2017,8,5,217665,Long,0.80213566355053,0.756151460223062,133300,126696.727993352,-4.9536924280934,,,,
619,HKG JFK,16.05,78000,133600,7700,177057,209843,8127,7709.7,350743,26,9,2017,8,5,217543,Long,0.816163045528595,0.767144316185567,133200,126744.327620441,-4.84660088555462,,,,
620,HKG JFK,15.05,78300,125500,9800,177303,216578,7427,7156.1,351078,18,6,2017,8,6,226378,Long,0.807894004693834,0.747650748869821,124700,118485.733780139,-4.98337307125981,,,,
621,HKG JFK,16.2,78000,134000,6500,177142,210534,8127,7705.8,350534,26,9,2017,8,6,217034,Long,0.808196941896024,0.760041128072738,133500,125891.922776687,-5.69893424967246,,,,
622,HKG JFK,16.01666667,78100,132300,9200,176159,207315,8127,7726.583333,348515,25,9,2017,8,6,216515,Long,0.819652636122594,0.768740870273624,132000,126323.858787455,-4.30010697920044,,,,
623,HKG JFK,15.58333333,78200,130500,8200,176467,213235,7667,7464.416667,351235,13,8,2017,8,7,221435,Long,0.813860550637528,0.745395817458686,129800,120004.802888958,-7.54637681898457,,,,
624,HKG JFK,16.16666667,78000,133300,7500,175744,210356,8067,7727.5,350356,21,9,2017,8,7,217856,Long,0.812143951399957,0.755985423298111,132500,125420.640576853,-5.3429127721861,,,,
625,HKG JFK,16.15,78100,131000,10200,177137,204367,7789,7611.35,344967,11,7,2017,8,7,214567,Long,0.800762359758003,0.730686402998289,130400,117560.725380125,-9.84606949376938,,,,
626,HKG JFK,14.56666667,78200,120300,10500,176377,211921,7392,6955,342021,30,7,2017,8,8,222421,Long,0.811243885344233,0.768818144808721,119600,114879.517044862,-3.94689210295784,,,,
627,HKG JFK,15.88333333,78000,131400,9400,176829,210556,7783,7544.75,350956,15,7,2017,8,8,219956,Long,0.807082049136479,0.742381650661264,131000,121065.882821045,-7.58329555645426,,,,
628,HKG JFK,15.83333333,78300,131200,8700,176110,211756,7883,7534.666667,351156,22,7,2017,8,8,220456,Long,0.808548681974324,0.754294637869958,130700,123510.090689073,-5.50107827920947,,,,
629,HKG JFK,15.35,78000,128200,11900,177142,210632,7664,7387.7,350032,18,8,2017,8,9,222532,Long,0.817740214565341,0.756430383700299,127500,121131.88356299,-4.99460112706634,,,,
630,HKG JFK,15.2,78300,126800,10400,175980,212530,7665,7345.8,349330,21,8,2017,8,9,222930,Long,0.821126364075326,0.763994830391354,126400,121862.270252839,-3.58997606579222,,,,
631,HKG JFK,15.25,78300,126400,10700,176549,211349,7664,7328.5,347849,22,8,2017,8,9,222049,Long,0.816506662656038,0.761390582937678,125800,120634.346632132,-4.10624274075335,,,,
632,HKG JFK,15.15,78300,127500,9100,176910,215039,7648,7269.25,351039,25,8,2017,8,10,224139,Long,0.815251218699852,0.764816229400388,126900,121800.762641269,-4.01831155140352,,,,
633,HKG JFK,15.25,78300,128000,8400,177049,215292,7650,7284,350892,24,8,2017,8,10,223692,Long,0.811548684012633,0.759999733751727,127200,121117.017182728,-4.78221919596851,,,,
634,HKG JFK,15.21666667,78100,128400,8500,176191,214765,7652,7286.8,351065,24,8,2017,8,10,223265,Long,0.813639092631145,0.761863702177805,127800,121077.422581616,-5.26023272174058,,,,
635,HKG JFK,15.63333333,78200,130800,9300,176159,210860,8068,7520.833333,350160,35,8,2017,8,11,220160,Long,0.817389135767253,0.78187288148793,130000,127766.311294275,-1.71822208132708,,,,
636,HKG JFK,15.55,78400,130200,9900,176142,211503,8124,7579.75,351003,35,8,2017,8,11,221403,Long,0.828207144753532,0.791519046838032,129600,131624.372484182,1.56201580569575,,,,
637,HKG JFK,15.55,78000,129500,9400,176942,212005,8124,7564.2,350205,36,9,2017,8,11,221405,Long,0.826508062184725,0.791519046838032,128800,131333.767038081,1.96721043329293,,,,
638,HKG JFK,15.81666667,78100,132500,7800,176892,211039,8106,7520.783333,350839,37,9,2017,8,12,218839,Long,0.807909285302898,0.776449985061848,132000,126809.867333391,-3.93191868682493,,,,
639,HKG JFK,15.76666667,78300,131000,10200,176052,209820,8165,7565.866667,350520,38,9,2017,8,12,220020,Long,0.815329735834303,0.784581659227763,130500,129516.67618361,-0.753504840145536,,,,
640,HKG JFK,15.71666667,78100,130100,8500,177057,208028,8165,7552.05,345728,39,9,2017,8,12,216528,Long,0.816429894643848,0.78707767723114,129200,126747.278823553,-1.89839100344161,,,,
641,HKG JFK,15.68333333,78000,130200,8700,176919,212717,8049,7468.716667,351117,37,8,2017,8,13,221417,Long,0.809137064990491,0.777544767465434,129700,127825.645956978,-1.44514575406464,,,,
642,HKG JFK,15.81666667,78000,131400,8400,176919,212143,8110,7493.15,351343,39,9,2017,8,13,220543,Long,0.80494081438702,0.776833133339697,130800,128324.297202816,-1.89273914157762,,,,
643,HKG JFK,15.4,78000,128700,10200,176223,213078,8110,7494,351278,40,9,2017,8,13,223278,Long,0.826813296794948,0.797851345989978,128000,132686.621172062,3.66142279067327,,,,
644,HKG JFK,15.51666667,77900,130300,7900,177142,213827,8087,7481.85,351227,39,9,2017,8,14,221727,Long,0.819266224348835,0.789606766027092,129500,129717.342427027,0.167831989981937,,,,
645,HKG JFK,15.83333333,77900,131700,6900,176902,213170,8087,7453.666667,350970,40,8,2017,8,14,220070,Long,0.799856533258508,0.773814631035691,130900,128039.225164251,-2.18546587910557,,,,
646,HKG JFK,15.53333333,77900,129800,8600,175980,213315,8087,7450.133333,351215,41,8,2017,8,14,221915,Long,0.814917919629128,0.788759548805682,129300,129388.78657717,0.068667113046872,,,,
647,HKG JFK,15.53333333,77800,129600,8700,176464,213235,8076,7454.666667,351235,40,7,2017,8,15,221935,Long,0.815413789219766,0.787686671961752,129300,129214.357357303,-0.066235609200749,,,,
648,HKG JFK,15.63333333,77800,130000,8300,176979,213310,8057,7447.3,351110,39,7,2017,8,15,221610,Long,0.809397288972139,0.780806867395669,129500,128277.205911601,-0.944242539304374,,,,
649,HKG JFK,15.53333333,77800,129100,9000,177018,213753,8057,7451.2,351353,39,7,2017,8,15,222753,Long,0.815034594826282,0.785833521049509,128600,129455.053026467,0.66489348869887,,,,
650,HKG JFK,15.43333333,78400,129300,9500,176973,213010,8081,7401.933333,351110,44,8,2017,8,16,222510,Long,0.814891743311415,0.793281304442944,128600,129759.532876059,0.901658535037764,,,,
651,HKG JFK,15.5,78500,130400,8400,176594,213261,8150,7483.5,351161,43,8,2017,8,16,221661,Long,0.820328026043208,0.796613678335803,129500,131181.191049747,1.29821702683159,,,,
652,HKG JFK,15.53333333,78500,130500,8800,176919,212539,8150,7497.6,351139,42,8,2017,8,16,221339,Long,0.820109965935288,0.794904207093645,129800,130875.169012048,0.828327436092402,,,,
653,HKG JFK,14.71666667,78400,122800,9300,177137,217444,7255,6990.1,349044,18,4,2017,8,17,226744,Long,0.807027659893192,0.746878249493292,122300,115172.730183702,-5.82769404439745,,,,
654,HKG JFK,15.6,78400,130000,8700,176142,213317,8074,7496.8,351217,37,8,2017,8,17,222017,Long,0.816518089861209,0.784126254543737,129200,129351.472230782,0.117238568716882,,,,
655,HKG JFK,15.93333333,78500,131900,5600,175744,214329,8074,7468.533333,351129,38,8,2017,8,17,219929,Long,0.79642184962928,0.767721939755734,131200,128047.546717381,-2.40278451419164,,,,
656,HKG JFK,15.65,78700,130700,7400,176700,213888,8085,7443.35,351188,41,8,2017,8,18,221288,Long,0.80810646891579,0.78268593766908,129900,128471.687447191,-1.09954776967558,,,,
657,HKG JFK,15.53333333,78400,129500,8800,176902,210437,8085,7417.066667,347937,43,7,2017,8,18,219237,Long,0.811300988495483,0.788564480288604,128700,126861.697738677,-1.42836228540999,,,,
658,HKG JFK,15.63333333,78300,130000,7400,176110,209511,8085,7412.766667,346311,43,7,2017,8,18,216911,Long,0.805644091656616,0.783520357812335,129400,124973.15605635,-3.42105405228009,,,,
659,HKG JFK,15.5,78300,128500,8400,177142,212453,8173,7475.5,348753,45,7,2017,8,19,220853,Long,0.819451080201243,0.798861790556873,127900,130872.811995738,2.32432525077215,,,,
660,HKG JFK,15.66666667,78300,130800,8700,176467,212447,8173,7499.333333,351247,43,7,2017,8,19,221147,Long,0.813318289875824,0.790363260701935,130100,130469.408557458,0.283942011881977,,,,
661,HKG JFK,15.65,78200,130100,8600,176979,212845,8173,7484.4,351045,44,7,2017,8,19,221445,Long,0.81256316792215,0.791204968283165,129600,130665.256012298,0.821956799612478,,,,
662,HKG JFK,15.35,78000,128100,8500,176491,214090,7889,7367.1,350190,34,7,2017,8,20,222590,Long,0.815460012551176,0.778637695330331,127600,125727.163868803,-1.46773991473093,,,,
663,HKG JFK,16.08333333,78000,133400,6400,176902,211295,8137,7525.833333,350495,38,6,2017,8,20,217695,Long,0.79504739286723,0.766496368838746,132800,127688.7301629,-3.84884776890084,,,,
664,HKG JFK,15.65,78000,130300,9100,177434,212047,8137,7526.65,350647,39,6,2017,8,20,221147,Long,0.817150148020049,0.787719910304675,129500,130053.968593149,0.427774975404271,,,,
665,HKG JFK,14.88333333,77900,124400,9300,176919,217604,7257,7108.166667,350804,10,5,2017,8,21,226904,Long,0.811468896905189,0.738718139370183,123900,115449.593690404,-6.82034407554161,,,,
666,HKG JFK,15.61666667,77500,131300,6200,176967,214420,7789,7445.433333,351120,22,7,2017,8,21,220620,Long,0.810058014368773,0.755640474230751,130500,121822.560504454,-6.64937892379032,,,,
667,HKG JFK,15.48333333,77900,130200,8400,176549,213535,7789,7448.366667,351235,22,7,2017,8,21,221935,Long,0.817355649446808,0.762147604583177,129300,123260.843883487,-4.67065438245379,,,,
668,HKG JFK,15.48333333,78600,130800,8200,176159,212885,7783,7426.883333,351185,23,8,2017,8,22,221085,Long,0.814998149520732,0.761560509240065,130100,122240.687291685,-6.04097825389335,,,,
669,HKG JFK,15.91666667,78000,131600,3900,176942,210556,7783,7416.916667,345856,23,8,2017,8,22,214456,Long,0.791745789729459,0.740826924380673,131400,118266.832063447,-9.99480056054279,,,,
670,HKG JFK,15.36666667,78300,129500,9300,176919,212955,7783,7429.566667,351055,23,8,2017,8,22,222255,Long,0.82148246513602,0.767342421668373,128800,123862.714578883,-3.83329613440784,,,,
671,HKG JFK,15.71666667,78000,129700,11900,177105,208792,8121,7570.916667,349992,35,8,2017,8,23,220692,Long,0.818469514441135,0.782836229858431,129300,129479.359155573,0.138715510884002,,,,
672,HKG JFK,15.25,78000,127400,12400,176937,201042,8121,7587.25,340142,35,8,2017,8,23,213442,Long,0.845335358700556,0.806791874221932,126700,134803.522038719,6.39583428470294,,,,
673,HKG JFK,15.66666667,78200,130600,10100,177304,210228,8070,7521.666667,350428,35,8,2017,8,24,220328,Long,0.815740386306075,0.780402730192661,130100,127774.368997262,-1.78757186989851,,,,
674,HKG JFK,15.66666667,78600,130600,7700,176110,211026,8074,7541.333333,348726,34,8,2017,8,24,218726,Long,0.81787327719023,0.780789546911468,130000,126773.771710523,-2.48171406882849,,,,
675,HKG JFK,15.48333333,78100,128300,10700,176919,211180,8074,7532.083333,349180,35,8,2017,8,24,221880,Long,0.82654240052256,0.790034633380995,127300,130641.891065043,2.62520900631782,,,,
676,HKG JFK,15.58333333,78500,130100,10400,177137,211465,8087,7526,351165,36,8,2017,8,25,221865,Long,0.820575106895177,0.78622876950416,129300,130008.974668618,0.548317609139826,,,,
677,HKG JFK,15.41666667,78400,129000,9000,176967,213052,8087,7470.333333,350452,40,8,2017,8,25,222052,Long,0.823311123040617,0.794728539643457,128400,130564.22381486,1.68553256609061,,,,
678,HKG JFK,15.36666667,78000,129200,10500,176052,212234,8087,7472.333333,351034,40,8,2017,8,25,222734,Long,0.826211148286602,0.797314424262127,128300,131604.193155665,2.57536489139887,,,,
679,HKG JFK,15.38333333,78300,129400,8700,176191,213673,8133,7440.75,351073,45,9,2017,8,26,222373,Long,0.821827646382286,0.800980918982157,128700,131634.015661311,2.27973244857145,,,,
680,HKG JFK,15.36666667,78200,126500,9900,176892,209408,8133,7426.133333,345208,46,8,2017,8,26,219308,Long,0.821102843642621,0.801849661496708,125900,128926.808927004,2.40413735266369,,,,
681,HKG JFK,15.28333333,78300,123900,11600,175767,207494,8133,7445.25,342094,45,9,2017,8,26,219094,Long,0.827705201641879,0.806221797406302,123000,129794.505026895,5.5239878267439,,,,
682,HKG JFK,15.21666667,78000,127100,9900,176052,212822,7789,7286.85,349522,33,8,2017,8,27,222722,Long,0.813644675593519,0.775503969715489,126800,123547.197114305,-2.5653019603272,,,,
683,HKG JFK,15.2,77800,120600,10900,176142,201192,7812,7310.4,332292,33,8,2017,8,27,212092,Long,0.817169290197972,0.778646786042694,120200,116407.08504627,-3.15550328929314,,,,
684,HKG JFK,15.3,77800,124800,10900,176297,205554,7818,7359,340654,30,8,2017,8,27,216454,Long,0.817225400251844,0.77415172161718,124200,119652.93830258,-3.66108027167441,,,,
685,HKG JFK,15.45,77800,129100,10000,177142,212616,7889,7410.05,351216,31,7,2017,8,28,222616,Long,0.814905293785814,0.773597969146964,128600,125698.83114764,-2.25596333776078,,,,
686,HKG JFK,15.45,77800,129100,9200,176240,213320,7812,7410.3,351020,26,7,2017,8,28,222520,Long,0.814932787031264,0.766047323485369,128500,123980.072608689,-3.51745322281011,,,,
687,HKG JFK,15.01666667,77800,121600,9300,175767,212563,7392,7136.716667,342863,17,4,2017,8,28,221863,Long,0.807494176519127,0.745779199297925,121000,114485.268557153,-5.38407557260119,,,,
688,HKG JFK,15.1,77900,127000,8900,176052,216118,7259,7228.8,351418,2,4,2017,8,29,225018,Long,0.813399210158576,0.728319097315351,126400,114192.38750348,-9.65792127889259,,,,
689,HKG JFK,15.78333333,77900,130400,9700,175980,211645,7799,7483.333333,351245,20,6,2017,8,29,221345,Long,0.80558402699304,0.748621060131421,129900,122498.719225118,-5.69767573124119,,,,
690,HKG JFK,15.65,77900,131600,7300,176464,213308,7799,7517.3,351408,18,6,2017,8,29,220608,Long,0.816135041181815,0.754999088173303,130800,122306.451047096,-6.49353895481988,,,,
691,HKG JFK,15.48333333,78000,128500,8900,176467,214231,7783,7426.883333,351031,23,6,2017,8,30,223131,Long,0.814998149520732,0.761560509240065,127900,123854.157072497,-3.16328610438097,,,,
692,HKG JFK,15.7,78300,130400,7600,177137,213700,7783,7406.2,351000,24,7,2017,8,30,221300,Long,0.801512440834453,0.751050650670603,129700,122433.604984577,-5.60246338891535,,,,
693,HKG JFK,15.81666667,77800,130300,7100,176892,212266,7783,7387.583333,348866,25,7,2017,8,30,219366,Long,0.793600467723374,0.745510761625507,129500,121792.369245155,-5.95183842072966,,,,
694,HKG JFK,15.16666667,78000,127900,10200,176110,213551,8078,7350,350751,48,9,2017,8,31,223751,Long,0.823401552376973,0.806929430557481,127000,131845.578966314,3.81541650890844,,,,
695,HKG JFK,15.38333333,78300,129800,8100,176829,214103,8131,7346.45,351303,51,9,2017,8,31,222203,Long,0.811412251827187,0.80078394838853,129100,130335.082700005,0.956686831916786,,,,
696,HKG JFK,15.05,78000,127200,12100,176630,212808,8131,7363.45,350908,51,10,2017,8,31,224908,Long,0.831302959553781,0.818520026802278,126000,135337.774891528,7.41093245359341,,,,
697,HKG JFK,15.23333333,78300,128600,8600,176919,213685,8076,7329.566667,350185,49,10,2017,9,1,222285,Long,0.817518969140956,0.803199100953452,127900,129734.179889871,1.4340734088121,,,,
698,HKG JFK,14.95,78100,126400,9700,176919,215873,7789,7191,351273,40,10,2017,9,1,225573,Long,0.817264398146727,0.789336816616881,125700,126192.596402441,0.391882579507707,,,,
699,HKG JFK,14.63333333,77900,122600,9800,176142,214418,7789,7189.033333,346218,41,10,2017,9,1,224218,Long,0.834721723889946,0.806418137433514,122000,128116.983569721,5.01392095878734,,,,
700,HKG JFK,15.05,77800,127700,7600,176110,216622,7789,7232.15,351122,37,9,2017,9,2,224222,Long,0.816479734219269,0.784092053715772,126900,125002.381043374,-1.49536560805863,,,,
701,HKG JFK,15.28333333,77800,127600,8000,176549,212514,7783,7232.8,347414,36,9,2017,9,2,220514,Long,0.804086656917376,0.771526404673952,126900,121779.858811929,-4.03478423015865,,,,
702,HKG JFK,15.08333333,77900,127100,10400,176159,213180,7783,7209.833333,349980,38,9,2017,9,2,223580,Long,0.81216146808366,0.78175658904758,126400,124004.405727542,-1.89524863327372,,,,
703,HKG JFK,14.86666667,78000,125600,13900,176937,212327,7789,7134.866667,351127,44,9,2017,9,3,226227,Long,0.815430106354073,0.793761350164338,124900,126541.573100498,1.31430992834116,,,,
704,HKG JFK,14.88333333,78000,120500,9000,175744,208789,7789,7074.6,337589,48,10,2017,9,3,217789,Long,0.807636923465737,0.792872480026782,119800,119546.128504943,-0.211912767159339,,,,
705,HKG JFK,14.88333333,77800,124700,9900,175980,214711,7789,7074.6,348311,48,9,2017,9,3,224611,Long,0.807636923465737,0.792872480026782,123700,124714.515361413,0.82014176347045,,,,
706,HKG JFK,14.9,78000,126500,8800,176865,216920,7799,7188.1,351320,41,10,2017,9,4,225720,Long,0.819676202204298,0.793002397980684,125600,126820.683714826,0.971881938555885,,,,
707,HKG JFK,14.83333333,78200,127000,10900,176549,212961,7828,7205,350261,42,10,2017,9,4,223861,Long,0.825295949072746,0.799528426847041,126400,126700.424662652,0.237677739440145,,,,
708,HKG JFK,14.83333333,78100,124300,10800,177049,213590,7828,7219.833333,348090,41,10,2017,9,4,224390,Long,0.826995031641554,0.799528426847041,123700,127195.784664692,2.82601832230545,,,,
709,HKG JFK,15.41666667,78200,127500,8800,176594,213111,7899,7344,348811,36,8,2017,9,5,221911,Long,0.809387830210978,0.776253336792837,126900,125024.077858392,-1.47826803909218,,,,
710,HKG JFK,15.68333333,78200,131000,10600,176052,209411,8075,7510.4,350411,36,10,2017,9,5,220011,Long,0.813652905059726,0.78005640418479,130400,127436.42558315,-2.27267976752282,,,,
711,HKG JFK,16.1,78300,132000,8800,177434,207096,8075,7527.6,347196,34,9,2017,9,5,215896,Long,0.794410804034418,0.75986860888393,131300,124919.532538329,-4.8594573203895,,,,
712,HKG JFK,15.61666667,78200,130400,9500,176142,211887,8114,7536.183333,351187,37,10,2017,9,6,221387,Long,0.819931551807496,0.787169958647877,129800,130105.617197718,0.235452386531509,,,,
713,HKG JFK,15.76666667,78100,131200,10300,176595,209890,8114,7593.7,350890,33,9,2017,9,6,220190,Long,0.818329173351224,0.779681026696151,130700,128890.071942508,-1.38479575936619,,,,
714,HKG JFK,15.6,78300,130800,9000,176979,210471,8114,7583.6,349571,34,9,2017,9,6,219471,Long,0.825971959538932,0.78801095236164,130100,129404.294327727,-0.534746865698188,,,,
715,HKG JFK,15.48333333,78100,128400,10700,176919,208394,8152,7470.733333,346794,44,9,2017,9,7,219094,Long,0.819810083047784,0.797666872841451,127700,128976.760825766,0.999812706159919,,,,
716,HKG JFK,15.6,78300,128700,12300,176159,206095,8211,7524.6,346295,44,9,2017,9,7,218395,Long,0.819545942131263,0.797431344570055,127900,129625.146196306,1.34882423479716,,,,
717,HKG JFK,15.75,78400,133200,7200,176892,210818,8211,7518,350518,44,9,2017,9,7,218018,Long,0.81102874617737,0.789836760336054,132500,128511.446036006,-3.01022940678775,,,,
718,HKG JFK,15.35,78000,126700,9500,177142,209972,8143,7344.8,345472,52,9,2017,9,8,219472,Long,0.812991638526133,0.803707282681568,126000,128391.004504494,1.89762262261457,,,,
719,HKG JFK,15.31666667,78300,127900,10100,177138,211242,8143,7361.85,348442,51,9,2017,9,8,221342,Long,0.816652296376276,0.805456373437032,127100,130296.321533551,2.51480844496557,,,,
720,HKG JFK,15.28333333,78300,125800,9900,176967,207666,8143,7363.55,342566,51,9,2017,9,8,217566,Long,0.818622428738857,0.807213094341512,125000,127372.102995722,1.89768239657784,,,,
721,HKG JFK,15.4,78100,129100,9700,176918,213492,8096,7403,351292,45,9,2017,9,9,223192,Long,0.816773263433814,0.796474044036357,128100,130868.459750577,2.16117076547806,,,,
722,HKG JFK,15.5,78100,129300,11100,176539,210612,8096,7414,350412,44,9,2017,9,9,221712,Long,0.812709559041136,0.791335501816768,128700,129238.942117033,0.418758443692968,,,,
723,HKG JFK,15.41666667,78000,127100,11400,176902,207309,8096,7433.083333,345009,43,8,2017,9,9,218709,Long,0.81920577218496,0.795612990843753,126300,127385.821617882,0.859716245353726,,,,
724,HKG JFK,15.68333333,78300,125800,9800,176979,203334,7754,7440.333333,338134,20,5,2017,9,10,213134,Long,0.806062104713051,0.749047350841965,125000,115529.459725696,-7.57643221944292,,,,
725,HKG JFK,15.56666667,78200,131200,8200,176967,212426,8088,7527.6,350926,36,7,2017,9,10,220626,Long,0.821628304626005,0.787167881264078,130300,129095.764178899,-0.924202472065239,,,,
726,HKG JFK,15.6,77900,130800,9600,176919,211014,8088,7557.6,350914,34,7,2017,9,10,220614,Long,0.823140155257586,0.785485898780003,130300,129343.644240286,-0.733964512443663,,,,
727,HKG JFK,14.91666667,78100,121100,10600,176159,205560,7789,7117.75,336560,45,8,2017,9,11,216160,Long,0.810747147564542,0.79110069759455,120400,118391.937185787,-1.66782625765181,,,,
728,HKG JFK,14.83333333,78100,122000,11600,176539,211278,7783,7115.5,344178,45,7,2017,9,11,222878,Long,0.815044181212604,0.794932261899657,121300,123658.503646607,1.94435585045933,,,,
729,HKG JFK,14.93333333,77800,120900,10500,177142,208835,7783,7140.866667,340035,43,7,2017,9,11,219335,Long,0.812472460879184,0.789609054787534,120700,120714.733336155,0.012206575107388,,,,
730,HKG JFK,15.48333333,78000,129000,10800,176902,210777,8064,7460.15,349977,39,7,2017,9,12,221577,Long,0.818648707985217,0.789056141142475,128400,129011.221147181,0.476028930826122,,,,
731,HKG JFK,15.56666667,78000,128300,9600,176467,209554,8064,7425.766667,346754,41,7,2017,9,12,219154,Long,0.810513321226766,0.78483207152739,127600,126323.937470186,-1.00004900455639,,,,
732,HKG JFK,15.43333333,78000,124600,10500,176110,205055,8064,7400.366667,339255,43,7,2017,9,12,215555,Long,0.814719266246791,0.791612478533338,123700,123730.650053178,0.024777730944381,,,,
733,HKG JFK,15.36666667,77900,124300,10900,176549,204099,8083,7391.5,338599,45,7,2017,9,13,214999,Long,0.817273457984404,0.796920055806946,123600,123937.852080986,0.273343107593749,,,,
734,HKG JFK,15.38333333,77900,126400,9900,177434,211594,8078,7324.216667,347294,49,8,2017,9,13,221494,Long,0.808956589695053,0.795564227657428,125800,128507.665422647,2.15235725170659,,,,
735,HKG JFK,15.38333333,78200,122700,10200,176892,201381,8078,7278.066667,333681,52,8,2017,9,13,211581,Long,0.803859341988631,0.795564227657428,122100,120852.137615394,-1.02200031499292,,,,
736,HKG JFK,15.08333333,77700,124300,11200,177049,210884,8051,7251.583334,345684,53,7,2017,9,14,222084,Long,0.816864453543218,0.808675613313898,123600,128947.272594311,4.32627232549432,,,,
737,HKG JFK,15.35,78200,125200,9900,176545,208902,8120,7352.5,343302,50,7,2017,9,14,218802,Long,0.813843947045991,0.801437201937164,124500,127413.350223471,2.34004034013719,,,,
738,HKG JFK,15.46666667,78000,130300,8300,176979,213148,8120,7346.666667,351148,50,7,2017,9,14,221448,Long,0.807064219991241,0.795391878044235,129700,129202.624170639,-0.383481749699832,,,,
739,HKG JFK,15.05,78400,124900,10200,176967,210779,8064,7266.35,345179,53,7,2017,9,15,220979,Long,0.82034077234905,0.811775365408137,124200,128730.56973625,3.64780172000836,,,,
740,HKG JFK,15.3,78600,127900,11000,176919,211007,8064,7344.9,349107,47,7,2017,9,15,222007,Long,0.815659579060982,0.798511062051795,127100,129038.271973814,1.52499761905087,,,,
741,HKG JFK,15.33333333,78500,125300,9300,177057,207504,8064,7312.666667,341404,49,7,2017,9,15,216804,Long,0.810314639205024,0.796775168611852,124600,124443.210960828,-0.125833899817329,,,,
742,HKG JFK,15.4,78500,128200,8800,176829,214930,8150,7364.6,351330,51,7,2017,9,16,223730,Long,0.812536590015489,0.801786494428892,127600,132134.099516655,3.5533695271587,,,,
743,HKG JFK,15.31666667,78300,127300,10700,176892,207592,8100,7288.216666,344892,53,8,2017,9,16,218292,Long,0.808484127945333,0.801203073172045,126600,126339.147715683,-0.206044458386478,,,,
744,HKG JFK,15.21666667,78300,127700,9700,177354,214474,8100,7308.733333,351274,52,7,2017,9,16,224174,Long,0.816088153584646,0.806468372665998,127100,131730.787722515,3.64342071008246,,,,
745,HKG JFK,15.35,78000,125900,9900,176700,211137,8150,7336.45,346237,53,7,2017,9,17,221037,Long,0.812067381884469,0.804398176821169,125200,129793.400599695,3.66885031924531,,,,
746,HKG JFK,15.76666667,78000,130300,7600,176467,212005,8150,7345.9,349305,51,7,2017,9,17,219605,Long,0.791625199108303,0.783140296718466,129700,130239.050047978,0.415612989959624,,,,
747,HKG JFK,15.28333333,78100,123800,10100,175744,207425,8150,7385.833334,340725,50,7,2017,9,17,217525,Long,0.82109971706454,0.807907002196159,123200,127820.423326314,3.75034360902131,,,,
748,HKG JFK,15.23333333,77800,124200,15300,175767,204615,8059,7358.266667,343515,46,8,2017,9,18,219915,Long,0.820720085315033,0.801508364856844,123600,127788.828486894,3.38901981140305,,,,
749,HKG JFK,15.13333333,78000,124600,11400,176967,208719,8082,7355.6,344219,48,8,2017,9,18,220119,Long,0.825843947983079,0.809107257539946,124100,129225.881591879,4.13044447371393,,,,
750,HKG JFK,15.13333333,78000,126300,14200,177142,209747,8082,7325.333334,349747,50,8,2017,9,18,223947,Long,0.822445782845464,0.809107257539946,125800,131962.302935763,4.89849199981158,,,,
751,HKG JFK,15.21666667,78000,122800,10100,176888,205736,8038,7246.733333,337936,52,7,2017,9,19,215836,Long,0.809165276087845,0.800295404875221,122100,123341.022891201,1.01639876429269,,,,
752,HKG JFK,15.45,78000,122300,10800,176979,202452,8038,7342.75,334752,45,7,2017,9,19,213252,Long,0.807504112110686,0.788208958803815,121500,121162.132306037,-0.278080406553682,,,,
753,HKG JFK,15.48333333,78000,129100,8400,177137,212490,8038,7403.183333,349490,41,8,2017,9,20,220890,Long,0.812397400966106,0.786512061322323,128600,127282.35265009,-1.02460913678888,,,,
754,HKG JFK,15.51666667,77100,129500,8700,176167,213740,8038,7417.333333,351440,40,7,2017,9,20,222440,Long,0.812201617879683,0.784822453978702,129000,128561.483258197,-0.339935458761809,,,,
755,HKG JFK,15.48333333,78200,127500,9700,175744,210374,8038,7434.15,346674,39,6,2017,9,20,220074,Long,0.815795566103721,0.786512061322323,126600,126887.279526648,0.226919057383679,,,,
756,HKG JFK,15.28333333,78000,123000,9000,175767,210170,7789,7299.933333,341570,32,6,2017,9,21,219170,Long,0.811550020698499,0.772121182835078,122400,120663.135108727,-1.41900726411174,,,,
757,HKG JFK,15.41666667,78000,128000,10800,176539,212327,7789,7326.5,350227,30,6,2017,9,21,223127,Long,0.807459141892251,0.765443377678112,127100,123646.888315786,-2.71684632904352,,,,
758,HKG JFK,15.31666667,78100,127100,10500,176377,213526,7783,7338.816667,350326,29,5,2017,9,21,224026,Long,0.814097201597054,0.769847347962719,126300,124496.341479404,-1.42807483815968,,,,
759,HKG JFK,15.45,78000,126900,10000,176594,211631,7789,7340.95,347831,29,5,2017,9,22,221631,Long,0.807306160743446,0.763791935820218,126200,122472.287786451,-2.95381316446035,,,,
760,HKG JFK,15.45,78200,127600,8500,176297,212387,7783,7365.85,347987,27,5,2017,9,22,220887,Long,0.810044487990261,0.763203573820613,127100,121795.130274049,-4.17377633827791,,,,
761,HKG JFK,15.35,78100,127800,9800,176464,213793,7783,7368.55,350993,27,5,2017,9,22,223593,Long,0.815620512207513,0.768175584073516,127400,124284.415538334,-2.4455137061745,,,,
762,HKG JFK,15.6,78600,129900,9100,176919,213132,7783,7455.4,351332,21,5,2017,9,23,222232,Long,0.812008986120913,0.755865077918492,129100,122814.932289008,-4.86837158093883,,,,
763,HKG JFK,15.76666667,78300,128900,9800,177354,208048,8228,7550.033333,346148,43,7,2017,9,23,217848,Long,0.813623468982585,0.790635381766814,128300,128950.980530456,0.50738934564023,,,,
764,HKG JFK,15.46666667,78500,128300,11000,176377,212613,7789,7448.733333,351213,22,5,2017,9,23,223613,Long,0.818276700226853,0.762968884000806,127600,124703.996906385,-2.26959490095224,,,,
765,HKG JFK,15.63333333,78700,128800,11000,176467,210093,8063,7515.833333,349393,35,6,2017,9,24,221093,Long,0.816845719167305,0.781388329627811,128300,128375.158248433,0.058580084515558,,,,
766,HKG JFK,16,78500,130500,6800,175767,214007,8063,7503,350707,35,6,2017,9,24,220807,Long,0.796763532110092,0.763481513577718,129900,128509.246629583,-1.07063384943574,,,,
767,HKG JFK,14.96666667,78500,124900,9800,177142,216208,7371,7146.5,350408,15,2,2017,9,24,226008,Long,0.811302466048487,0.746144897616525,124400,117126.410529998,-5.84693687299236,,,,
768,HKG JFK,15.63333333,78800,129800,9000,177434,213529,8255,7535.866667,351429,46,7,2017,9,25,222529,Long,0.819023008348414,0.799995121056379,128900,134092.050711915,4.02796796890217,,,,
769,HKG JFK,15.71666667,78800,126000,10700,176377,205107,7789,7506.1,341107,18,5,2017,9,25,215807,Long,0.811462375413655,0.750832581500716,125300,118159.428531354,-5.69878010267063,,,,
770,HKG JFK,14.65,78600,122300,9500,176052,217191,7366,6970.45,348491,27,3,2017,9,26,226691,Long,0.808421166671885,0.761756096204976,121800,117426.7244996,-3.59053817766855,,,,
771,HKG JFK,14.63333333,78600,122000,10900,176159,214388,7363,7026.433333,346688,23,4,2017,9,26,225288,Long,0.815842168592477,0.762313101286811,121400,116728.983851162,-3.84762450480872,,,,
772,HKG JFK,14.78333333,78600,122100,9400,177049,217108,7366,7040.766667,348008,22,3,2017,9,26,226508,Long,0.809211538930895,0.754885691899832,121500,117407.180695446,-3.36857555930333,,,,
773,HKG JFK,15.5,78000,127000,8500,175744,214532,7799,7427,349432,24,4,2017,9,27,223032,Long,0.81413459603433,0.762305530962077,126400,124041.71021929,-1.86573558600474,,,,
774,HKG JFK,15.48333333,78100,127200,9000,175767,215652,7799,7380.95,351252,27,5,2017,9,27,224652,Long,0.809957598864885,0.763126096821697,126600,124991.197917841,-1.27077573630215,,,,
775,HKG JFK,15.18333333,78400,125400,10300,176902,212398,7799,7358.683333,347398,29,5,2017,9,27,222698,Long,0.823469412773802,0.778204329253976,124700,124859.099258258,0.127585612075731,,,,
776,HKG JFK,15.4,78100,127900,8500,177060,215391,7799,7260,351091,35,6,2017,9,28,223891,Long,0.800996068152032,0.767255566877415,127200,124876.289976597,-1.82681605613406,,,,
777,HKG JFK,15.3,78200,127300,9400,176539,213673,7783,7247.5,349673,35,7,2017,9,28,223073,Long,0.804843197217725,0.770685961799247,126600,123560.261635115,-2.40105716025671,,,,
778,HKG JFK,15.16666667,78500,126800,9800,175980,213934,7783,7237,349834,36,7,2017,9,28,223734,Long,0.81074245368477,0.777461222831007,126100,124057.23044373,-1.61995999704241,,,,
779,HKG JFK,15.03333333,78300,127300,7900,176297,215832,7783,7226.766667,350532,37,7,2017,9,29,223732,Long,0.816776492800669,0.784356666395321,126800,124507.699212269,-1.8078081922167,,,,
780,HKG JFK,15.21666667,78600,127700,9200,176919,212768,7783,7235.2,348568,36,7,2017,9,29,221968,Long,0.80787747200031,0.774906585735736,126600,122606.579290787,-3.15436074977301,,,,
781,HKG JFK,15.2,78000,127400,9200,176110,213783,7783,7235.8,349583,36,6,2017,9,29,222983,Long,0.808830371801062,0.775756264179505,126600,123471.569675577,-2.4711140003339,,,,
782,HKG JFK,15.26666667,78500,127300,10400,176159,212869,8078,7284.133333,349869,52,7,2017,9,30,223269,Long,0.810677552786358,0.801643866603018,126600,130020.280355473,2.70164325076863,,,,
783,HKG JFK,15.1,78600,125800,11200,177434,213992,8078,7247.5,350292,55,6,2017,9,30,225192,Long,0.815503372015311,0.810492033078028,125100,132070.053956958,5.57158589684876,,,,
784,HKG JFK,15.61666667,78800,129500,8600,176549,213797,8083,7364.633333,351097,46,7,2017,10,1,222397,Long,0.801267030057166,0.784162530903474,128700,129768.767201746,0.83043294618943,,,,
785,HKG JFK,15.65,78300,131300,8200,176167,212706,8083,7472.65,351306,39,7,2017,10,1,220906,Long,0.811287498900841,0.782492323336941,130400,128199.734415422,-1.68732023357194,,,,
786,HKG JFK,15.51666667,78800,128500,10100,176377,212172,7789,7463.15,350072,21,3,2017,10,1,222272,Long,0.817218565234253,0.760510337651171,127800,123512.494301418,-3.35485578918783,,,,
787,HKG JFK,15.8,78300,130500,7500,177207,213891,8116,7484,351291,40,6,2017,10,2,221391,Long,0.804805945883173,0.778227906401237,129900,129312.603571964,-0.452191245601297,,,,
788,HKG JFK,15.6,78300,125400,8800,176539,207837,7799,7346.6,341337,29,3,2017,10,2,216637,Long,0.800158974358974,0.757418957045653,124700,119322.234211173,-4.31256278173774,,,,
789,HKG JFK,15.28333333,78200,126200,9600,177049,214421,7799,7294.65,349421,33,3,2017,10,2,224021,Long,0.810962660639514,0.773112479770288,125400,124504.598386605,-0.714036374318161,,,,
790,HKG JFK,15.68333333,78500,126400,5100,176792,212014,7799,7171.666667,342914,40,4,2017,10,3,217114,Long,0.776955610549184,0.753394414394697,125800,125127.35683266,-0.53469250186049,,,,
791,HKG JFK,15.23333333,78300,122600,7000,177354,210975,7799,7159.2,339775,42,4,2017,10,3,217975,Long,0.798516756860291,0.775650048085187,121800,120470.328876324,-1.09168400958645,,,,
792,HKG JFK,14.85,78100,123900,10500,176110,213942,7799,7145.6,347842,44,5,2017,10,3,224442,Long,0.81757336051648,0.795672439724727,123400,125514.58769743,1.71360429289287,,,,
793,HKG JFK,14.23333333,78100,116300,11000,176967,210998,7799,6902.3,337598,63,7,2017,10,4,221998,Long,0.82395158907135,0.830145367635551,115600,124369.886732268,7.58640720784467,,,,
794,HKG JFK,14.3,78300,118000,11000,176539,212303,7799,6840.9,340703,67,7,2017,10,4,223303,Long,0.812814961185603,0.826275225867985,117400,124181.24917867,5.77619180465891,,,,
795,HKG JFK,14.25,78200,113800,11500,176464,206897,7828,6830.5,331497,70,7,2017,10,4,218397,Long,0.814426911314985,0.832257660507556,113100,121050.551128877,7.02966501226952,,,,
796,HKG JFK,14.18333333,78000,112500,10000,176240,204044,7899,6778.516667,325944,79,7,2017,10,5,214044,Long,0.812027697804292,0.843753627329466,111900,119089.753834694,6.42515981652707,,,,
797,HKG JFK,14.43333333,78300,117900,9800,176297,210308,7899,6874.233334,337408,71,7,2017,10,5,220108,Long,0.809230256375098,0.829138957106758,117300,123590.03669357,5.36235012239574,,,,
798,HKG JFK,14.41666667,78000,116400,11700,176919,208740,7899,6904.25,336240,69,7,2017,10,5,220440,Long,0.813703409659071,0.830097498870063,115800,124062.498725457,7.13514570419405,,,,
799,HKG JFK,14.86666667,78000,119100,9900,177049,206782,8074,7107.666666,335582,65,7,2017,10,6,216682,Long,0.812321470974244,0.822805127901768,118900,124454.839725492,4.67185847392126,,,,
800,HKG JFK,14.8,78200,125300,11100,176902,209664,8074,7156.4,345264,62,7,2017,10,6,220764,Long,0.821575303744111,0.826511457492047,124500,128907.139651257,3.53987120582897,,,,
801,HKG JFK,15.11666667,78000,121600,9200,176167,204539,8074,7167,334739,60,6,2017,10,6,213739,Long,0.805556213954831,0.809197545855676,121000,122297.315059679,1.07216120634619,,,,
802,HKG JFK,14.7,78300,116800,11000,176865,204056,8035,7094.2,331156,64,6,2017,10,7,215056,Long,0.819974936029457,0.828114511365441,116100,123328.605674109,6.22618921111879,,,,
803,HKG JFK,15.11666667,78300,120200,10000,176377,202226,8035,7158.233333,331726,58,7,2017,10,7,212226,Long,0.804570858463854,0.805288863134797,119500,120435.989739412,0.783255012059847,,,,
804,HKG JFK,15.03333333,78300,122200,10200,176829,211834,8035,7193.133334,343634,56,6,2017,10,7,222034,Long,0.812975219388079,0.809752770716485,121600,128165.900598777,5.39958930820508,,,,
805,HKG JFK,15.35,78000,124800,9600,176892,206752,8050,7282.5,340452,50,6,2017,10,8,216352,Long,0.806095687774557,0.794528260541155,124100,123798.56626687,-0.242895836527046,,,,
806,HKG JFK,15.6,78000,126500,9700,176594,208082,8050,7379.2,343882,43,5,2017,10,8,217782,Long,0.803709621265585,0.781795435852995,126100,125053.491950564,-0.829903290591472,,,,
807,HKG JFK,15.43333333,78000,123600,10000,176700,205529,7789,7326,338329,30,5,2017,10,8,215529,Long,0.806532110276949,0.764616765289703,122800,117906.214045571,-3.98516771533295,,,,
808,HKG JFK,15.4,78200,127300,14500,176464,206079,7789,7265.4,347179,34,4,2017,10,9,220579,Long,0.801591850351483,0.766271779767686,126600,121985.579292929,-3.64488207509575,,,,
809,HKG JFK,15.61666667,78000,125300,7500,175767,210139,7789,7289.266667,342339,32,4,2017,10,9,217639,Long,0.793067188680699,0.755640474230751,124700,120645.407952767,-3.25147718302584,,,,
810,HKG JFK,15.23333333,78000,122600,10000,176937,206764,7789,7271.066667,338764,34,4,2017,10,9,216764,Long,0.810994045921135,0.774655497440124,122000,118843.768507798,-2.58707499360798,,,,
811,HKG JFK,14.96666667,77900,120100,9600,176564,206198,7789,7085.566667,335298,47,3,2017,10,10,215798,Long,0.804385043018364,0.788457822213419,119500,118191.348848995,-1.09510556569428,,,,
812,HKG JFK,15.05,78000,121300,10100,176700,210508,7783,7120.8,341308,44,2,2017,10,10,220608,Long,0.80390878112713,0.783488054187938,120700,121691.902929237,0.821791987768705,,,,
813,HKG JFK,14.91666667,78000,119800,9300,177223,207121,7783,7141.583333,335521,43,2,2017,10,10,216421,Long,0.813461882842231,0.790491299188391,119100,118601.837681879,-0.418272307406253,,,,
814,HKG JFK,15.13333333,78000,121700,10200,176919,205332,7783,7268.466667,336632,34,4,2017,10,11,215532,Long,0.816061124550878,0.779173692827691,121100,118162.448822789,-2.42572351545117,,,,
815,HKG JFK,15.36666667,78000,123400,9000,177434,208866,7783,7275.9,340666,33,4,2017,10,11,217866,Long,0.804491639447947,0.767342421668373,122800,119586.947312997,-2.61649241612639,,,,
816,HKG JFK,15.53333333,78300,123900,7800,177207,206180,7783,7270.4,337280,33,5,2017,10,11,213980,Long,0.795258148782917,0.759109134209796,123300,117496.552942952,-4.70676971374536,,,,
817,HKG JFK,15.68333333,78300,128200,8200,176892,209347,8117,7317.15,345147,51,5,2017,10,12,217547,Long,0.792716813259077,0.784113663500674,127600,127516.721538752,-0.065265251761937,,,,
818,HKG JFK,15.6,78000,125400,9900,176902,205017,8228,7385.6,339517,54,6,2017,10,12,214917,Long,0.804406680780993,0.799082341142664,124600,126403.385236753,1.44733967636648,,,,
819,HKG JFK,15.25,78000,123500,12100,176142,205012,8228,7389.25,339812,55,6,2017,10,12,217112,Long,0.823275139118664,0.817421935857413,122700,129462.077371376,5.51106550234357,,,,
820,HKG JFK,14.96666667,78200,121400,10200,176159,207580,8085,7142.1,338680,63,7,2017,10,13,217780,Long,0.810802958460094,0.818421041545191,120900,125761.36222706,4.02097785530207,,,,
821,HKG JFK,14.81666667,78100,119400,10500,176052,204990,8085,7047.833333,334190,70,6,2017,10,13,215490,Long,0.808201401221746,0.826706518904302,118700,123811.315686498,4.30607892712591,,,,
822,HKG JFK,15.03333333,78100,118300,8800,177207,204457,8085,7047.7,330757,69,6,2017,10,13,213257,Long,0.796538196667144,0.814791680304018,117500,122869.038055401,4.56939408970314,,,,
823,HKG JFK,14.8,78000,120100,10100,176467,209887,8060,7053.6,339387,68,6,2017,10,14,219987,Long,0.809773568063476,0.825078318972739,119400,126883.848164664,6.26787953489427,,,,
824,HKG JFK,14.88333333,78200,122000,12400,176626,207903,8053,7055.816667,341603,67,5,2017,10,14,220303,Long,0.805492616579938,0.819746062608252,121300,127027.588945562,4.72183754786684,,,,
825,HKG JFK,14.76666667,78000,116600,10700,176829,203776,8053,7063.633333,330576,67,5,2017,10,14,214476,Long,0.812755954809786,0.826222611264081,116100,122533.068980641,5.54097242087914,,,,
826,HKG JFK,14.88333333,78200,118900,10800,176892,204479,8053,7070.7,333679,66,6,2017,10,15,215279,Long,0.807191699148745,0.819746062608252,118400,123003.622504729,3.88819468304806,,,,
827,HKG JFK,14.88333333,78000,120400,10400,175767,208687,8053,7070.7,338887,66,6,2017,10,15,219087,Long,0.807191699148745,0.819746062608252,119800,125994.866884818,5.17100741637557,,,,
828,HKG JFK,14.81666667,78000,120800,10600,177057,205987,8053,7104.733333,336687,64,6,2017,10,15,216587,Long,0.814726336981748,0.823434458470791,120100,124309.639771686,3.50511221622445,,,,
829,HKG JFK,14.75,78200,120800,11900,177049,211465,8065,7003,343365,72,6,2017,10,16,223365,Long,0.806689846058156,0.828388764850268,120000,129802.104886072,8.16842073839348,,,,
830,HKG JFK,15.05,78300,123700,8500,177137,213639,8106,7067.55,345439,69,5,2017,10,16,222139,Long,0.797897077021549,0.816003362102972,123300,130443.713995809,5.79376641995861,,,,
831,HKG JFK,14.95,78100,120100,9300,176919,205801,8106,7089.4,334601,68,5,2017,10,16,215101,Long,0.805717455739315,0.821461578571888,119500,124155.775221712,3.8960462106375,,,,
832,HKG JFK,14.71666667,78300,114700,7900,176110,199880,8077,6973.25,321980,75,5,2017,10,17,207780,Long,0.805082277677966,0.831500430207763,114200,118013.037846767,3.33891230014645,,,,
833,HKG JFK,14.55,78500,116800,11800,176539,206721,8077,6942.1,334521,78,5,2017,10,17,218521,Long,0.810666742331095,0.841025063046683,116000,125953.861041028,8.58091469054163,,,,
834,HKG JFK,14.46666667,78500,115800,10400,176142,206334,8077,6963.066666,332034,77,5,2017,10,17,216734,Long,0.817798976655391,0.845869677270254,115300,125227.852008892,8.6104527397155,,,,
835,HKG JFK,14.58333333,78700,120500,9600,177057,214396,8127,7018.666667,343796,76,5,2017,10,18,223996,Long,0.817734458932022,0.844297116177783,119800,132365.902404287,10.4890671154315,,,,
836,HKG JFK,14.88333333,78800,121600,11700,176979,209066,8190,7133.283334,341666,71,5,2017,10,18,220766,Long,0.81433621768066,0.833691823266061,120900,130595.945814728,8.01980629836871,,,,
837,HKG JFK,14.86666667,78500,119800,10400,176937,206450,8087,7135.533333,335950,64,5,2017,10,19,216850,Long,0.815506298389881,0.824129931798562,119100,125290.648123977,5.19785736689935,,,,
838,HKG JFK,14.98333333,78400,120100,10400,175980,207428,8087,7128.066667,337228,64,5,2017,10,19,217828,Long,0.808309710279431,0.817712902661497,119400,125694.509007765,5.27178308858054,,,,
839,HKG JFK,15.05,78300,121900,9800,176865,209685,8087,7123.8,340785,64,5,2017,10,19,219485,Long,0.804247468682374,0.814090696931499,121300,127206.216652884,4.86909864211338,,,,
840,HKG JFK,14.98333333,78500,121500,9200,177207,209171,8191,7157.15,339171,69,6,2017,10,20,218371,Long,0.811607707036858,0.828228809904826,120800,128411.471313955,6.30088684930077,,,,
841,HKG JFK,14.88333333,78000,120600,11100,176700,208998,8135,7137.816667,339998,67,6,2017,10,20,220098,Long,0.814853743388901,0.828093160228254,119900,128891.413382348,7.49909373006483,,,,
842,HKG JFK,14.86666667,78200,120100,9600,176110,205701,8135,7138.933333,334601,67,6,2017,10,20,215301,Long,0.815894877810217,0.829021515417498,119300,125096.479656254,4.85874237741297,,,,
843,HKG JFK,14.65,78400,120800,10800,175980,212964,8190,7091.25,343864,75,7,2017,10,21,223764,Long,0.822431349218774,0.84697019113749,120100,134223.436173923,11.7597303696277,,,,
844,HKG JFK,14.73333333,78300,119700,11300,176967,207360,8190,7114.466667,337760,73,8,2017,10,21,218660,Long,0.820456988880712,0.842179635948292,119100,129519.800406357,8.74878287687397,,,,
845,HKG JFK,14.76666667,78100,121700,11200,176902,209713,8190,7112.033333,341713,73,8,2017,10,21,220913,Long,0.81832495681505,0.840278552868847,120800,131150.417689731,8.56822656434684,,,,
846,HKG JFK,14.98333333,78800,122100,9800,176467,208759,8134,7145.1,339959,66,8,2017,10,22,218559,Long,0.810241259096324,0.82246528381954,121400,127305.881280662,4.86481159856804,,,,
847,HKG JFK,14.98333333,78700,126400,9800,176539,213303,8184,7180.116667,348703,67,8,2017,10,22,223103,Long,0.814212084989759,0.827521008455756,125600,132470.112088634,5.46983446547273,,,,
848,HKG JFK,14.98333333,78100,121400,10800,177223,205908,8184,7180.116667,337608,67,8,2017,10,22,216708,Long,0.814212084989759,0.827521008455756,120900,127080.253892716,5.11187253326357,,,,
849,HKG JFK,14.78333333,78500,124100,9700,177138,211818,8061,7203.566667,344718,58,9,2017,10,23,221518,Long,0.827922518128285,0.826110991366351,123200,130279.830129759,5.74661536506405,,,,
850,HKG JFK,14.81666667,78500,122700,8800,176549,211161,7789,7018.533333,342161,52,10,2017,10,23,219961,Long,0.804841460671493,0.796439959894324,122200,121266.501460132,-0.763910425424197,,,,
851,HKG JFK,14.46666667,78800,121900,10100,176167,213319,7789,7022.266666,344619,53,10,2017,10,23,223419,Long,0.824751904410194,0.815708668597005,121200,125412.171921502,3.47538937417675,,,,
852,HKG JFK,14.21666667,78800,116300,16200,175980,204492,7889,6893.833333,336292,70,10,2017,10,24,220692,Long,0.82390565386543,0.840709633330707,115600,125243.55496974,8.34217557935981,,,,
853,HKG JFK,14.55,78500,120700,15300,176539,206113,7889,6855.95,341513,71,9,2017,10,24,221413,Long,0.800606538667675,0.821449389918941,120100,124814.628116431,3.92558544249062,,,,
854,HKG JFK,14.43333333,79000,116600,15500,177142,203326,7883,6901.533334,334626,68,10,2017,10,24,218826,Long,0.812443994535987,0.827459475740293,115800,122381.286596952,5.68332175902597,,,,
855,HKG JFK,14.61666667,78800,119100,11100,177354,205904,8146,7166.683333,335504,67,10,2017,10,25,217004,Long,0.833075488575076,0.844341063817186,118500,129494.210114361,9.27781444249884,,,,
856,HKG JFK,14.76666667,78700,123200,12200,176549,212581,8146,7230.466666,347081,62,9,2017,10,25,224781,Long,0.831952135974144,0.835764235857097,122300,135852.824236819,11.0816224340302,,,,
857,HKG JFK,14.7,78900,120100,11400,176937,207709,7812,7150.5,338609,45,8,2017,10,25,219109,Long,0.826482306684142,0.80513137060197,119500,122786.746784172,2.75041571897237,,,,
858,HKG JFK,14.85,78600,122900,9500,176240,211875,7783,7085.05,343575,47,6,2017,10,26,221375,Long,0.81064545145646,0.794040081853769,122200,122339.353423952,0.114037171810244,,,,
859,HKG JFK,14.73333333,79100,121400,10300,176919,211201,7799,7047.6,342101,51,7,2017,10,26,221501,Long,0.812745767981308,0.801973013523898,120600,122657.846099942,1.70634004970347,,,,
860,HKG JFK,14.76666667,79100,121300,8900,176700,213219,7783,7015.133333,342819,52,7,2017,10,26,222119,Long,0.807175446605479,0.798521120510163,120700,122728.799995411,1.68086163662906,,,,
861,HKG JFK,14.5,78900,121200,11700,177057,212396,7899,7072.5,344696,57,7,2017,10,27,224096,Long,0.828742170199304,0.825326823780028,120600,129000.771331087,6.96581370736862,,,,
862,HKG JFK,14.88333333,78600,123100,10000,176829,211366,7883,7094.183334,343766,53,8,2017,10,27,221366,Long,0.809872558427097,0.80244110412776,122400,124262.266551779,1.52145960112635,,,,
863,HKG JFK,14.68333333,78600,120300,11600,176052,205391,7883,7134.15,336591,51,8,2017,10,27,216991,Long,0.825528484310839,0.81337106241575,119600,122501.816928207,2.42626833462114,,,,
864,HKG JFK,15.11666667,78900,125100,9400,177049,213821,7783,7223.683333,347721,37,7,2017,10,28,223221,Long,0.811927305270217,0.780032759399892,124500,123750.815002677,-0.601755017930328,,,,
865,HKG JFK,15.18333333,78800,126700,10400,176297,211745,7789,7257.583333,348345,35,6,2017,10,28,222145,Long,0.812155872858754,0.777206503469575,126200,123034.284066016,-2.50849123136576,,,,
866,HKG JFK,15.41666667,78700,128000,9400,176377,213419,7789,7264.833333,350119,34,6,2017,10,28,222819,Long,0.800662811617021,0.765443377678112,127300,123828.497942927,-2.72702439675844,,,,
867,HKG JFK,15.38333333,78300,127600,9300,176549,210203,7783,7352.266667,346303,28,7,2017,10,29,219503,Long,0.812054700157443,0.76651106509752,126800,120819.629538527,-4.71638049012032,,,,
868,HKG JFK,16.1,78600,132300,9300,176467,209802,7783,7300,351102,30,7,2017,10,29,219102,Long,0.770391475297738,0.732391007175681,132000,130179.094598257,-1.37947378919898,,,,
869,HKG JFK,15.28333333,78600,125800,15100,175767,204210,7783,7309.216667,344410,31,7,2017,10,29,219310,Long,0.812582069761413,0.771526404673952,125100,120701.663254016,-3.51585671141774,,,,
870,HKG JFK,14.56666667,78700,122300,11400,175980,214122,7783,7010.966666,347122,53,9,2017,10,30,225522,Long,0.817771939413951,0.809484797219464,121600,126077.475948056,3.68213482570368,,,,
871,HKG JFK,14.38333333,78600,120500,11200,177207,215648,7883,6948.083334,346648,65,10,2017,10,30,226848,Long,0.820767134279825,0.830335928147936,119800,129782.554912636,8.33268356647401,,,,
872,HKG JFK,14.31666667,78700,118700,11100,176594,211815,7883,6923.783333,340815,67,9,2017,10,30,222915,Long,0.821705208527145,0.834202451290758,117900,126600.41154176,7.3794839200678,,,,
873,HKG JFK,15.03333333,78400,125700,9600,177558,216346,7818,7216.666667,351046,40,6,2017,10,31,225946,Long,0.81563498056574,0.787883903106594,125100,126965.850693254,1.49148736471147,,,,
874,HKG JFK,14.93333333,78500,123500,12800,177839,211488,8097,7320.466667,346988,52,6,2017,10,31,224288,Long,0.832906962853082,0.821465311141547,122700,134409.960094324,9.54356975902506,,,,
875,HKG JFK,14.86666667,78500,123200,10700,176937,214091,8077,7170.133333,347591,61,5,2017,11,1,224791,Long,0.819460665444896,0.823110851877951,122800,132179.477243095,7.63801078427955,,,,
876,HKG JFK,15.05,78400,123500,9500,175980,213410,8077,7189.05,345710,59,5,2017,11,1,222910,Long,0.81161392300893,0.813084031051777,122800,129760.395069774,5.66807416105379,,,,
877,HKG JFK,15.06666667,78000,122000,11800,176919,208583,8077,7218.2,341683,57,5,2017,11,1,220383,Long,0.814003393482011,0.812184601634201,121300,127815.65598395,5.37152183342926,,,,
878,HKG JFK,14.95,78300,122700,10000,176110,210267,8038,7185.85,342267,57,4,2017,11,2,220267,Long,0.816679095455801,0.814570462442738,122000,127137.387115478,4.21097304547355,,,,
879,HKG JFK,15.1,78100,125700,9700,176240,214079,8038,7177.3,348679,57,4,2017,11,2,223779,Long,0.807604325900723,0.806478702882048,124900,129544.608426323,3.71866167039467,,,,
880,HKG JFK,14.96666667,78500,123800,9300,176539,213743,7783,7079.566667,346243,47,4,2017,11,2,223043,Long,0.803703896331689,0.787850459659397,123200,123593.466858509,0.319372450088751,,,,
881,HKG JFK,14.58333333,78500,117000,8300,177288,210024,7783,6878.833334,334624,62,4,2017,11,3,218324,Long,0.801442684348812,0.808559672106766,116300,120154.644851402,3.31439798056909,,,,
882,HKG JFK,14.48333333,78300,117000,10200,177049,211128,7789,6891.033334,337728,62,3,2017,11,3,221328,Long,0.808407453678907,0.814769993864552,116400,122232.223230869,5.01050105744747,,,,
883,HKG JFK,14.45,78400,116300,8800,177023,212371,7789,6893.1,336771,62,4,2017,11,3,221171,Long,0.81051529792705,0.816649509233382,115600,122157.994344042,5.67300548792564,,,,
884,HKG JFK,14.55,78300,116700,8300,176297,209725,7789,6959.65,334025,57,3,2017,11,4,218025,Long,0.812716151202749,0.811036797829716,116000,119861.290559977,3.328698758601,,,,
885,HKG JFK,15.18333333,78500,121200,8300,176549,209610,7783,6978.283334,338510,53,4,2017,11,4,217910,Long,0.780900959918899,0.776607807998935,120600,123780.000154487,2.6368160484967,,,,
886,HKG JFK,14.65,78400,118800,9900,177354,210903,7783,7021.2,339003,52,3,2017,11,4,220803,Long,0.814307067038231,0.804880219489998,118200,121965.048674828,3.1853203678746,,,,
887,HKG JFK,14.95,78600,124500,14900,177137,210456,7783,7095.3,349256,46,3,2017,11,5,225356,Long,0.806387996686202,0.788728776958426,123900,125332.223920911,1.15595151001677,,,,
888,HKG JFK,15.11666667,78500,125700,13200,175980,213080,8087,7180,351280,60,5,2017,11,5,226280,Long,0.807017387497695,0.810500440095969,125000,132794.95105403,6.23596084322373,,,,
889,HKG JFK,15.08333333,78000,122700,11600,176902,206574,8087,7227.25,340174,57,5,2017,11,5,218174,Long,0.814123392162392,0.812291601648179,122000,126229.934391051,3.46715933692703,,,,
890,HKG JFK,14.91666667,78000,122700,10200,176191,214767,7425,7081.916667,347067,23,0,2017,11,6,224967,Long,0.806665552576114,0.754130527620944,122100,117429.610745158,-3.8250526247685,,,,
891,HKG JFK,15.15,78000,124400,12100,176549,212820,7783,7192.15,348620,39,3,2017,11,6,224920,Long,0.806604402458594,0.778316515876467,123700,125087.043660271,1.12129641089034,,,,
892,HKG JFK,14.66666667,78100,117400,10200,177354,208378,7789,7011.666666,335178,53,2,2017,11,7,218578,Long,0.812277314223616,0.80458536857321,116600,120250.063234744,3.1304144380307,,,,
893,HKG JFK,14.93333333,78200,122100,10600,176539,213676,7789,7027.4,345776,51,1,2017,11,7,224276,Long,0.799562467432416,0.790217773061814,121500,125122.965688181,2.98186476393496,,,,
894,HKG JFK,14.76666667,77800,119400,10200,176548,212894,7789,7035.9,341694,51,1,2017,11,7,223094,Long,0.809564901323984,0.799136709193583,118600,123637.609880132,4.24756313670525,,,,
895,HKG JFK,14.75,78400,121400,11800,176902,215245,7799,7002.5,347745,54,0,2017,11,8,227045,Long,0.806632250038874,0.801066829146589,120700,127046.747337266,5.25828279806635,,,,
896,HKG JFK,14.8,78400,118900,9900,177207,212984,7799,6955.4,341184,57,1,2017,11,8,222884,Long,0.798499925613687,0.798360522291364,118300,124321.770704981,5.09025418848761,,,,
897,HKG JFK,14.65,78400,115600,10500,175767,209623,7776,6926.3,335223,58,1,2017,11,8,220123,Long,0.803300723298995,0.804156313343727,115100,121221.698747381,5.31859143994842,,,,
898,HKG JFK,14.56666667,78600,116900,9100,176467,211230,7760,6900.566666,336630,59,1,2017,11,9,220330,Long,0.804894682050973,0.807092641195302,116300,120821.163303881,3.88750069121282,,,,
899,HKG JFK,14.68333333,78500,120400,9900,177434,215978,7760,6967.1,345678,54,1,2017,11,9,225878,Long,0.806198286138305,0.800679873696083,119800,125321.990024218,4.60934058782825,,,,
900,HKG JFK,14.75,79000,122400,9200,176110,216272,7760,7007.75,347272,51,1,2017,11,9,225472,Long,0.807237008241331,0.797060981430636,121800,124911.331308245,2.55445920217152,,,,
901,HKG JFK,15.28333333,78400,123400,8900,177049,212326,7776,7210.516667,344026,37,0,2017,11,10,221226,Long,0.801609368591694,0.770832496819305,122800,122199.30310422,-0.48916685324093,,,,
902,HKG JFK,14.9,78000,122200,10800,176594,215237,7708,6992.8,347537,48,0,2017,11,10,226037,Long,0.797405676990333,0.783749517070793,121500,125070.681834469,2.93883278557154,,,,
903,HKG JFK,15.2,78200,125500,9000,175980,216091,7760,7167.2,349891,39,1,2017,11,10,225091,Long,0.80116214389184,0.773463781322492,124800,124993.920437356,0.155384965830363,,,,
904,HKG JFK,14.91666667,78300,124200,9600,176539,217207,7760,7088.75,350607,45,1,2017,11,11,226807,Long,0.807443903241565,0.788155271964784,123800,125507.572458383,1.37929923940459,,,,
905,HKG JFK,14.93333333,78900,123200,9700,176829,214667,7760,7058.133333,346867,47,0,2017,11,11,224367,Long,0.803059240039805,0.787275634736125,122500,124280.064035425,1.45311349830606,,,,
906,HKG JFK,14.83333333,78500,121500,8200,176223,216153,7760,7048,344953,48,1,2017,11,11,224353,Long,0.80731240098317,0.79258311092655,120600,124037.943609286,2.85069951018699,,,,
907,HKG JFK,14.98333333,78300,124100,9600,176919,217614,7760,7055.783333,350714,47,0,2017,11,12,227214,Long,0.80011291260609,0.784648463540648,123500,126867.741758603,2.72691640372678,,,,
908,HKG JFK,15.08333333,78400,125500,8900,177354,217288,7760,7081.25,351088,45,0,2017,11,12,226188,Long,0.797677023863918,0.779446374278455,124900,126310.18712129,1.12905293938366,,,,
909,HKG JFK,14.88333333,78300,123400,9500,176052,218121,7633,6978.133333,350421,44,-1,2017,11,13,227621,Long,0.796624280787328,0.776992635774095,122800,124855.89813912,1.67418415237772,,,,
910,HKG JFK,14.85,78400,120900,10600,176919,215390,7631,6977.6,346190,44,0,2017,11,13,225990,Long,0.79835141630371,0.778532682079675,120200,123229.782365538,2.52061760860038,,,,
911,HKG JFK,15.38333333,78500,122500,7900,176829,210400,8031,7200.3,340500,54,3,2017,11,14,218300,Long,0.795270047008032,0.790935418707206,122200,125931.612432278,3.05369266143873,,,,
912,HKG JFK,15.06666667,78400,122000,10600,175980,213216,7760,7097.066667,345216,44,1,2017,11,14,223816,Long,0.800343070359287,0.78030859337395,121400,124042.056154446,2.1763230267267,,,,
913,HKG JFK,14.88333333,78400,121900,11400,176377,213895,7760,7060.483333,346595,47,1,2017,11,14,225295,Long,0.806025363626496,0.789920457697757,121300,124658.740895413,2.76895374724881,,,,
914,HKG JFK,14.81666667,78300,121000,9700,176297,214738,7760,7033.983333,344838,49,0,2017,11,15,224438,Long,0.806613169942528,0.793474655126454,120400,124078.811706138,3.05549145028092,,,,
915,HKG JFK,14.88333333,78800,121300,10500,176865,213830,7766,7006.95,344930,51,0,2017,11,15,224330,Long,0.799913993849483,0.790531220938245,120600,124631.0247375,3.34247490671606,,,,
916,HKG JFK,15,78600,124700,8600,177057,218162,7760,7040,350862,48,-1,2017,11,15,226762,Long,0.797436085626911,0.783776631740126,124100,126833.027907389,2.2022787327876,,,,
917,HKG JFK,14.96666667,78600,123100,10300,175980,217677,7766,7017.666667,350377,50,0,2017,11,16,227977,Long,0.79667673301302,0.786129599089666,122400,128131.059003023,4.6822377475682,,,,
918,HKG JFK,14.9,78900,122800,9100,176892,216172,7766,7035.9,347472,49,0,2017,11,16,225272,Long,0.802320472877286,0.789646957650723,122200,125158.701779201,2.42119621865859,,,,
919,HKG JFK,15,78800,123100,10300,176942,215787,7766,7061,348587,47,1,2017,11,17,226087,Long,0.799814801223242,0.784382644599718,122500,126086.59006725,2.92782862632674,,,,
920,HKG JFK,15.05,78600,124200,9000,176865,215209,7760,7067.7,347809,46,2,2017,11,17,224209,Long,0.797914011399311,0.781172722664577,123600,124631.758830997,0.834756335758358,,,,
921,HKG JFK,15.11666667,78300,125000,10100,176937,215897,8029,7152.233333,350297,58,2,2017,11,17,225997,Long,0.80389647067484,0.804687527331586,124300,131435.953858453,5.74091219505484,,,,
922,HKG JFK,14.73333333,78700,119900,8800,176061,213062,7766,6940.933334,341162,56,3,2017,11,18,221862,Long,0.800444717708538,0.798579615723374,119300,122605.804380803,2.77100115742064,,,,
923,HKG JFK,14.43333333,78300,119800,10300,177142,217178,7707,6783.266667,346578,64,3,2017,11,18,227478,Long,0.798521719810352,0.808985180709176,119100,126106.2274218,5.88264267153693,,,,
924,HKG JFK,14.75,78900,123500,7600,176549,220122,7766,6851.5,350622,62,4,2017,11,18,227722,Long,0.78923825221583,0.797677265694629,122900,129622.266908169,5.46970456319729,,,,
925,HKG JFK,14.5,79100,115400,9000,175744,209042,7766,6823.5,332842,65,5,2017,11,19,218042,Long,0.799564821259095,0.811430321999709,114800,119752.052737581,4.31363478883375,,,,
926,HKG JFK,14.66666667,77800,120700,10000,176159,213972,7766,6886,343972,60,4,2017,11,19,223972,Long,0.797719265850577,0.802209522703755,120000,124591.441621961,3.8262013516339,,,,
927,HKG JFK,14.58333333,78900,121400,10500,176829,217999,7766,6934.75,349399,57,4,2017,11,19,228499,Long,0.807957452369329,0.806793577486977,120900,127518.6251461,5.47446248643497,,,,
928,HKG JFK,14.33333333,78500,118800,10100,177435,216400,7760,6842.666667,344700,64,2,2017,11,20,226500,Long,0.811134115852926,0.820231358988557,118200,125813.722283349,6.44138941061636,,,,
929,HKG JFK,14.5,78500,119400,11100,176919,216655,7760,6832,346555,64,2,2017,11,20,227755,Long,0.800560835178741,0.810803412144957,118800,127269.009730132,7.12879606913479,,,,
930,HKG JFK,14.41666667,79000,119600,10100,177049,219397,7760,6851.75,348597,63,2,2017,11,20,229497,Long,0.807515999152173,0.815490136882098,119100,128224.07588932,7.66085297172123,,,,
931,HKG JFK,14.53333333,79000,120600,9100,176297,216747,7760,6858.933334,345547,62,1,2017,11,21,225847,Long,0.80187344520429,0.808943771476952,119700,125541.939795037,4.88048437346453,,,,
932,HKG JFK,14.75,78900,122500,10200,176902,217868,7760,6860.25,350068,61,1,2017,11,21,228068,Long,0.790246182553258,0.797060981430636,122000,129508.473910867,6.15448681218576,,,,
933,HKG JFK,14.56666667,78900,120200,9700,176942,217589,7760,6813.166666,346889,65,1,2017,11,22,227289,Long,0.794700186638128,0.807092641195302,119600,127743.850043389,6.80923916671312,,,,
934,HKG JFK,14.38333333,78900,117900,9800,177790,214932,7760,6796.316667,341932,67,1,2017,11,22,224732,Long,0.802839155282762,0.81738003329037,117200,124483.13371814,6.21427791650191,,,,
935,HKG JFK,14.53333333,78800,117700,10500,176464,211146,8049,6886.333334,338746,80,3,2017,11,23,221646,Long,0.805076761431212,0.839070672244585,117100,127960.286070677,9.2743689758126,,,,
936,HKG JFK,14.43333333,79000,117900,12000,176061,212262,8049,6908.766667,341662,79,4,2017,11,23,224262,Long,0.813295497814014,0.844884094917368,117400,130417.498475932,11.0881588381023,,,,
937,HKG JFK,14.71666667,78900,117400,9600,176594,208590,8087,6909.666666,334990,80,5,2017,11,24,218190,Long,0.797741394325496,0.83252989712643,116800,126712.933936156,8.48710097273595,,,,
938,HKG JFK,14.66666667,78500,120300,9800,177142,212812,7766,6915.333333,342112,58,5,2017,11,24,222612,Long,0.801117430988191,0.802209522703755,119500,123133.807090189,3.04084275329606,,,,
939,HKG JFK,14.51666667,78900,116900,9900,176829,208447,7766,6909.516666,334747,59,6,2017,11,24,218347,Long,0.808714534387182,0.810498714096035,116400,119496.698395579,2.66039381063445,,,,
940,HKG JFK,14.21666667,79500,117800,10800,176167,215709,7766,6785.05,343609,69,5,2017,11,25,226509,Long,0.810904584787275,0.827601852255834,117100,125940.670957463,7.54967630867851,,,,
941,HKG JFK,14.3,79500,117800,10300,176377,213852,7766,6765,341352,70,5,2017,11,25,224152,Long,0.80379675370501,0.822778997831872,117200,124122.555325417,5.90661717185743,,,,
942,HKG JFK,14.13333333,79000,116500,10800,176549,215384,7766,6762.533334,342284,71,5,2017,11,25,226184,Long,0.812978951232828,0.832481580549815,116100,125798.593117731,8.3536547095016,,,,
943,HKG JFK,14.18333333,79400,116900,9800,176919,219166,7760,6752.983334,345166,71,3,2017,11,26,228966,Long,0.808968949862174,0.828905956206691,116200,127779.75575227,9.96536639610166,,,,
944,HKG JFK,14.48333333,78600,120700,8800,176110,218610,8155,6793.566667,347410,94,4,2017,11,26,227410,Long,0.796973351430578,0.853055501343616,120000,136527.634752336,13.7730289602803,,,,
945,HKG JFK,14.31666667,78700,117500,10400,176919,214431,8155,6794.916666,341731,95,4,2017,11,26,224831,Long,0.806411487422984,0.862986298398596,116900,133049.851593867,13.8150997381244,,,,
946,HKG JFK,14.46666667,79100,118400,11500,176942,218223,8137,6791.6,347323,93,3,2017,11,27,229723,Long,0.797660541782927,0.852153220743848,117600,138203.509244849,17.5199908544636,,,,
947,HKG JFK,14.71666667,78800,122400,11600,176052,215627,8137,6886.083333,349127,85,3,2017,11,27,227227,Long,0.795018628939294,0.837677231719768,121900,136335.003362514,11.8416762612914,,,,
948,HKG JFK,14.75,78800,117500,10500,176594,210686,8137,6912.75,338086,83,3,2017,11,27,221186,Long,0.796293764577826,0.835784176018181,116900,130521.648499437,11.6523939259509,,,,
949,HKG JFK,14.85,79200,123300,8600,176902,217534,8209,7050.7,348734,78,3,2017,11,28,226134,Long,0.806715250362957,0.837501610168006,122600,135435.349870751,10.4692902697806,,,,
950,HKG JFK,14.95,79200,122700,9800,176539,213922,8209,7087.75,345822,75,2,2017,11,28,223722,Long,0.805529931576202,0.831899592708688,122100,133328.00759036,9.19574741225189,,,,
951,HKG JFK,14.93333333,78800,120000,11500,176167,208210,8209,7103.933334,339010,74,2,2017,11,28,219710,Long,0.808270265608221,0.83282805226145,119300,129817.603073119,8.81609645693109,,,,
952,HKG JFK,14.9,78300,117100,10500,176700,205248,8156,7083.2,332148,72,2,2017,11,29,215748,Long,0.807714204790345,0.829302161550257,116400,125538.772871572,7.85117944293114,,,,
953,HKG JFK,15.06666667,78500,122700,10700,176464,213589,8156,7056.133333,346289,73,1,2017,11,29,224289,Long,0.795726978768665,0.820128464891487,122000,133838.757585414,9.70389966017537,,,,
954,HKG JFK,14.83333333,78800,119300,11200,176967,209158,8156,7073.166667,338958,73,1,2017,11,29,220358,Long,0.810195114115722,0.833029362463523,118600,129259.310464736,8.9876142198446,,,,
955,HKG JFK,14.7,78900,118900,10100,176110,211643,8042,6968.9,340043,73,1,2017,11,30,221743,Long,0.805492279847719,0.828835955245909,118300,127983.253980105,8.18533726128938,,,,
956,HKG JFK,14.81666667,78800,120800,10300,176377,214643,8042,6886.3,345143,78,1,2017,11,30,224943,Long,0.789677769887781,0.822309687696771,120200,133268.008502088,10.8718872729516,,,,
957,HKG JFK,14.8,78700,122200,9300,177000,218260,8042,6872.8,348960,79,1,2017,11,30,227560,Long,0.789017208033722,0.823235712305058,121400,136089.485028017,12.1000700395525,,,,
958,HKG JFK,14.56666667,78800,115700,10100,176464,207821,8101,6935.666666,333021,80,2,2017,12,1,217921,Long,0.808988810062361,0.842558954423086,115100,126063.202585796,9.52493708583526,,,,
959,HKG JFK,14.58333333,79100,116100,10900,177207,209649,8101,6905.166667,336149,82,1,2017,12,1,220549,Long,0.804510742024384,0.841596030288695,115600,128306.264727506,10.991578484002,,,,
960,HKG JFK,14.55,78800,117700,11900,176902,209957,8101,6893.35,338857,83,1,2017,12,1,221857,Long,0.804973939909833,0.843524085148097,117000,129389.323330597,10.5891652398266,,,,
961,HKG JFK,14.41666667,79000,115700,11200,176594,211917,8050,6853.416666,338217,83,2,2017,12,2,223117,Long,0.807712424874768,0.845965928080012,115100,129178.130352567,12.2312166399365,,,,
962,HKG JFK,14.53333333,78900,117800,9900,177137,212985,8050,6858.266667,340185,82,1,2017,12,2,222885,Long,0.801795505644689,0.839174917575961,117300,129408.081595856,10.3223202010706,,,,
963,HKG JFK,14.56666667,78800,118200,10900,176865,213477,8050,6870.1,341977,81,1,2017,12,2,224377,Long,0.80134099447369,0.837254608456467,117600,130739.347331454,11.1729143974946,,,,
964,HKG JFK,14.63333333,79000,119500,10600,178164,213649,8170,6999.333334,342949,80,1,2017,12,3,224249,Long,0.812695576066121,0.845864190888665,118700,133037.332236085,12.0786286740393,,,,
965,HKG JFK,14.68333333,78800,120800,8500,176539,216592,7766,6870.316667,345292,61,1,2017,12,3,225092,Long,0.794998998423293,0.801298956072652,120200,125919.377233204,4.75821733211648,,,,
966,HKG JFK,14.8,78900,120700,10100,176297,211949,8126,7045.6,342049,73,1,2017,12,4,222049,Long,0.80885514505331,0.831834543420903,120000,130001.525906604,8.33460492217015,,,,
967,HKG JFK,14.93333333,78900,122300,9700,177142,215457,8075,7029.666667,346757,70,0,2017,12,4,225157,Long,0.799820363901017,0.819233344135852,121600,132162.213466474,8.6860308112453,,,,
968,HKG JFK,14.85,78300,119700,10000,176464,210791,8075,7035.5,339791,70,1,2017,12,4,220791,Long,0.804976122077039,0.823830612998739,119000,127928.74377917,7.5031460329162,,,,
969,HKG JFK,14.58333333,78800,117100,10300,175980,211389,8062,6939.083334,337989,77,2,2017,12,5,221689,Long,0.808462322626229,0.837544401455062,116300,128324.297712675,10.3390350065989,,,,
970,HKG JFK,14.7,78900,122200,11800,176979,215261,8062,6944.8,348661,76,2,2017,12,5,227061,Long,0.80270670910566,0.830897223475817,121600,133093.968022209,9.45227633405377,,,,
971,HKG JFK,14.61666667,78700,120400,11200,176052,213136,7789,6868.15,344236,63,3,2017,12,5,224336,Long,0.798373131717406,0.807337656036345,119900,125308.368353719,4.51073257190924,,,,
972,HKG JFK,14.45,79000,120000,10700,177268,214636,7876,6878.95,344636,69,3,2017,12,6,225336,Long,0.808851490428875,0.825771156081925,119300,127316.936181877,6.71998003510192,,,,
973,HKG JFK,14.73333333,79000,120600,9800,176594,215888,7876,6918.333334,345688,65,2,2017,12,6,225688,Long,0.797838432685048,0.809890941725121,120000,128432.067645016,7.02672303751368,,,,
974,HKG JFK,14.56666667,79300,119700,11700,177354,212762,7805,6974.7,343562,57,1,2017,12,7,224462,Long,0.813541729264937,0.811772946459966,119100,125278.463416253,5.18762671389865,,,,
975,HKG JFK,14.8,79400,120500,10700,176052,210849,7776,6917.6,341349,58,2,2017,12,7,221549,Long,0.794160376890652,0.796006080438216,119800,123319.166305517,2.93753447872886,,,,
976,HKG JFK,14.51666667,79600,115900,9700,176548,208736,7776,6905,333836,60,2,2017,12,7,218436,Long,0.80818588757159,0.811542364255829,115400,119765.122182805,3.78260154489127,,,,
977,HKG JFK,14.75,78000,118700,9200,176902,210008,7776,6891,337008,60,2,2017,12,8,219208,Long,0.793788337739076,0.798704406134617,117800,121494.997188336,3.13666993916508,,,,
978,HKG JFK,14.75,78500,119200,9300,176159,209592,7776,6905.75,337492,59,2,2017,12,8,218892,Long,0.795487420307884,0.798704406134617,118600,121023.337900404,2.04328659393282,,,,
979,HKG JFK,14.65,79000,118900,10400,176919,210532,7760,6910.3,339232,58,2,2017,12,8,220932,Long,0.801445069981526,0.802501670723678,118300,121666.654781296,2.8458620298363,,,,
980,HKG JFK,14.56666667,78800,119700,15100,177434,210407,7760,6929.7,344607,57,1,2017,12,9,225507,Long,0.808292847188587,0.807092641195302,119100,124797.022071554,4.78339384681235,,,,
981,HKG JFK,14.91666667,78800,124900,18200,176052,208553,7760,6924.666666,351453,56,1,2017,12,9,226753,Long,0.788753994984685,0.788155271964784,124700,128716.825853783,3.22119154272886,,,,
982,HKG JFK,15.05,78800,123900,14700,176549,209031,7776,6948.25,346931,55,2,2017,12,9,223731,Long,0.784428601908013,0.782783388072133,123200,127700.333268241,3.65286791253365,,,,
983,HKG JFK,14.66666667,78900,121200,10100,176159,212403,7760,6997.333333,343203,52,3,2017,12,10,222503,Long,0.810616847168499,0.801589736824767,120700,122591.873496658,1.56741797569007,,,,
984,HKG JFK,14.75,78900,123100,9200,177049,219558,7766,6910.5,351258,58,2,2017,12,10,228758,Long,0.796034582491059,0.797677265694629,122500,128936.934680956,5.25464055588267,,,,
985,HKG JFK,14.56666667,78800,116700,8600,176142,209202,7760,6900.566666,333702,59,3,2017,12,10,217802,Long,0.804894682050973,0.807092641195302,115900,119040.633139655,2.70977837761452,,,,
986,HKG JFK,14.58333333,78700,116000,9500,175767,207998,7776,6915.583334,332798,59,4,2017,12,11,217498,Long,0.80572437242202,0.807832456675088,115300,119112.903613466,3.30694155547822,,,,
987,HKG JFK,14.43333333,78500,120400,10200,176343,215037,7776,6910,345137,60,2,2017,12,11,225237,Long,0.813440685000693,0.816227944102057,119900,125274.311156919,4.48232790401921,,,,
988,HKG JFK,14.48333333,79000,118100,11000,176865,213560,7760,6891,341960,60,2,2017,12,11,224560,Long,0.808403543246435,0.811736442725501,117400,124166.313945129,5.76347014065508,,,,
989,HKG JFK,14.58333333,78800,116700,11300,176052,207722,7776,6930.166667,335022,58,3,2017,12,12,219022,Long,0.807423454990827,0.807832456675088,116000,120186.724748105,3.60924547250399,,,,
990,HKG JFK,14.88333333,78800,122000,9700,175980,215666,7776,6972.3,346666,54,3,2017,12,12,225366,Long,0.795958346973423,0.791549159672392,121300,126217.558720766,4.0540467607304,,,,
991,HKG JFK,14.65,79000,118900,9000,177137,211797,8092,6978.6,338997,76,3,2017,12,13,220797,Long,0.809366390080471,0.836835505089691,118200,128223.823555954,8.48039217931842,,,,
992,HKG JFK,14.81666667,78800,123000,9300,176167,214935,8092,6965.933333,346435,76,4,2017,12,13,224235,Long,0.798809621982961,0.827422282124133,122200,131855.356568553,7.90127378768659,,,,
993,HKG JFK,14.88333333,79000,116200,9100,176700,202637,8092,7005.516667,327237,73,5,2017,12,13,211737,Long,0.799750364405503,0.823716023671424,115500,121558.332038362,5.24530912412271,,,,
994,HKG JFK,14.96666667,79100,124500,12900,176539,210816,8122,7104.266666,347616,68,5,2017,12,14,223716,Long,0.806507950183889,0.822166443961663,123900,131366.668527173,6.02636685001847,,,,
995,HKG JFK,14.88333333,78700,124500,9200,176630,217856,8122,7095.05,350856,69,4,2017,12,14,227056,Long,0.809971497171817,0.826769839873864,123800,134298.205167106,8.47997186357512,,,,
996,HKG JFK,14.7,78700,122600,11200,177354,214269,8122,7078.3,347469,71,4,2017,12,14,225469,Long,0.818137152842788,0.83708102816554,122000,133607.770371126,9.5145658779719,,,,
997,HKG JFK,14.91666667,78400,125100,8800,176979,217188,8121,6987.333333,350488,76,6,2017,12,15,225988,Long,0.795892040180765,0.824820742735311,124500,134590.03257045,8.10444383168647,,,,
998,HKG JFK,14.98333333,78500,124400,8800,176937,215504,8121,6982.266667,348204,76,5,2017,12,15,224304,Long,0.791776257208068,0.821150795414124,123900,133908.18852493,8.07763399913604,,,,
999,HKG JFK,14.95,78000,124200,7900,177434,217250,8121,6954.9,348750,78,5,2017,12,15,225150,Long,0.790431395170446,0.822981677718024,123600,135099.89111093,9.30411902178789,,,,
1000,HKG JFK,14.31666667,78500,119300,10000,176892,214343,8090,6858.766666,342943,86,5,2017,12,16,224343,Long,0.813989118764828,0.856107805523561,118600,131452.41143265,10.836771865641,,,,
1001,HKG JFK,14.43333333,78600,122300,9000,177057,219892,8069,6856.6,350692,84,5,2017,12,16,228892,Long,0.807154471901893,0.84698344662545,121800,134764.161976924,10.6438111468997,,,,
1002,HKG JFK,14.13333333,78600,114400,9500,177060,210971,7760,6770.666667,334371,70,6,2017,12,17,220471,Long,0.813956725163764,0.831838406524152,113900,121267.911902536,6.46875496271777,,,,
1003,HKG JFK,14.38333333,78900,116200,11700,176539,208853,8032,6795.033334,336153,86,5,2017,12,17,220553,Long,0.802687556961358,0.846030467446939,115600,127071.110710895,9.92310615129339,,,,
1004,HKG JFK,14.28333333,78800,115100,9900,176142,210069,8032,6803.633334,334369,86,5,2017,12,17,219969,Long,0.809330324696015,0.851953667920529,114400,126272.745536753,10.3782740705884,,,,
1005,HKG JFK,14.25,79000,113200,10400,175767,209333,8050,6796,332333,88,5,2017,12,18,219733,Long,0.810313342990504,0.855860266618016,112600,126486.88962816,12.3329392790058,,,,
1006,HKG JFK,14.45,78900,117800,11200,176052,210480,8101,6829.4,338780,88,5,2017,12,18,221680,Long,0.803025224596044,0.849361622069537,117100,129235.458963662,10.3633296017613,,,,
1007,HKG JFK,14.41666667,79000,120000,10400,176594,219688,8101,6803.5,349388,90,5,2017,12,18,230088,Long,0.801829474244965,0.851325463773438,119300,137102.12809828,14.9221526389608,,,,
1008,HKG JFK,14.35,79300,114500,9900,176464,209284,8051,6730.8,332984,92,4,2017,12,19,219184,Long,0.796946686698846,0.85000166072862,113800,126825.516800538,11.4459725839529,,,,
1009,HKG JFK,14.5,79300,118400,9300,177434,215551,8069,6778.5,342551,89,3,2017,12,19,224851,Long,0.794291806390383,0.843089269664647,117700,132651.057225862,12.702682434887,,,,
1010,HKG JFK,14.4,78700,114500,9800,175980,210769,8069,6758.6,334469,91,4,2017,12,19,220569,Long,0.797459683995922,0.84894405625954,113900,128346.503284404,12.6834971768252,,,,
1011,HKG JFK,13.91666667,79000,113800,9700,176167,213341,7760,6646.666666,336141,80,4,2017,12,20,223041,Long,0.811489973953154,0.844789183709168,113100,123123.240333039,8.86228146157324,,,,
1012,HKG JFK,13.9,79000,114800,9600,177354,217529,7760,6634.1,341229,81,3,2017,12,20,227129,Long,0.810926882714012,0.845802120582869,114100,126318.500633958,10.708589512671,,,,
1013,HKG JFK,13.93333333,78800,114300,10000,176967,215706,7766,6665.266667,339606,79,4,2017,12,20,225706,Long,0.812787445904975,0.844431076924202,113900,125393.541399153,10.0909055304237,,,,
1014,HKG JFK,14.43333333,78600,121700,9000,176142,219828,7766,6914.433334,349628,59,3,2017,12,21,228828,Long,0.813962574103542,0.815178268248016,120800,128078.347045729,6.02512172659702,,,,
1015,HKG JFK,14.88333333,78600,124200,10200,176829,215994,8151,7049.633334,349794,74,3,2017,12,21,226194,Long,0.804786726735828,0.829721862202889,123600,134264.500706357,8.62823681744129,,,,
1016,HKG JFK,14.88333333,78500,123300,10100,176919,218515,8151,7064.516667,351215,73,3,2017,12,21,228615,Long,0.806485809304636,0.829721862202889,122600,136359.658141771,11.2232121874153,,,,
1017,HKG JFK,14.91666667,78800,120600,9500,176110,209999,8134,7060,339499,72,3,2017,12,22,219499,Long,0.804169135152501,0.826141105948654,120000,128224.332899716,6.85361074976334,,,,
1018,HKG JFK,15.06666667,78800,124500,9500,176620,215222,8134,7049.2,348822,72,4,2017,12,22,224722,Long,0.794945100064985,0.81791624980718,124100,133887.828254399,7.88704935890316,,,,
1019,HKG JFK,15.1,78900,124900,10100,177142,216490,8134,7061.9,350790,71,3,2017,12,22,226590,Long,0.794619284282156,0.816110695352399,124200,135730.418315327,9.28375065646283,,,,
1020,HKG JFK,15.05,78900,126100,15200,176892,210485,8159,7180.75,351185,65,4,2017,12,23,225685,Long,0.810676887439422,0.8213386912655,125500,133941.287594133,6.726125573014,,,,
1021,HKG JFK,15.18333333,79100,125100,10600,177434,214175,8159,7156.9,349175,66,4,2017,12,23,224775,Long,0.800888959807289,0.814126057492395,124400,133583.553916373,7.38227806782403,,,,
1022,HKG JFK,15.16666667,79000,124900,8800,177207,216849,8159,7142.833333,349949,67,4,2017,12,23,225649,Long,0.800193204759291,0.815020701153563,124300,134430.871683704,8.15033924674533,,,,
1023,HKG JFK,15.01666667,79000,120700,9700,176167,206582,8101,7139.933333,336382,64,3,2017,12,24,216282,Long,0.807858130925049,0.817310239923226,120100,124758.472980885,3.87882846035423,,,,
1024,HKG JFK,15.05,78800,123300,10400,176467,214531,8101,7107.7,347531,66,1,2017,12,24,224931,Long,0.802429845469231,0.81550002916311,122600,132243.972072318,7.86620886812255,,,,
1025,HKG JFK,15.05,78600,121300,9600,175767,211994,8101,7122.75,342294,65,2,2017,12,24,221594,Long,0.804128928038038,0.81550002916311,120700,129241.025947087,7.07624353528331,,,,
1026,HKG JFK,14.86666667,79200,118300,9900,176967,206077,8071,7089.8,333677,66,4,2017,12,25,215977,Long,0.810279524210014,0.822499403925584,117700,123938.755775112,5.3005571581239,,,,
1027,HKG JFK,14.95,79000,120900,11500,176942,209337,8071,7084.3,341037,66,3,2017,12,25,220837,Long,0.805137835598785,0.817914680564237,120200,127869.28537472,6.38043708379388,,,,
1028,HKG JFK,14.95,79200,118500,10000,175980,206367,8071,7084.3,334167,66,3,2017,12,25,216367,Long,0.805137835598785,0.817914680564237,117800,124281.818878006,5.50239293548915,,,,
1029,HKG JFK,15.01666667,79000,124500,8700,176464,215324,7766,7030.183333,347724,49,4,2017,12,26,224024,Long,0.795440307719704,0.783512075452879,123700,124948.958818251,1.00966759761592,,,,
1030,HKG JFK,14.83333333,78800,121100,8300,177049,210387,7766,7054,338987,48,4,2017,12,26,218687,Long,0.807999670336999,0.793195932919535,120300,119749.589514156,-0.457531575929993,,,,
1031,HKG JFK,14.63333333,78900,123100,7800,177354,220673,8227,6983.166667,350873,85,4,2017,12,27,228473,Long,0.810818457512113,0.851765568964633,122400,138029.018178583,12.7688057014566,,,,
1032,HKG JFK,14.8,79500,122500,10400,176942,216057,8227,6969,348257,85,4,2017,12,27,226457,Long,0.800061244730969,0.842173614167336,121800,136791.221207446,12.3080633887077,,,,
1033,HKG JFK,14.6,79000,120100,9200,176297,211733,8227,6986,340433,85,5,2017,12,27,220933,Long,0.812999371622471,0.853710239018943,119500,131436.551551345,9.98874606807139,,,,
1034,HKG JFK,14.71666667,78900,121000,9500,176458,214198,8202,6921.65,344098,87,3,2017,12,28,223698,Long,0.799124905496863,0.844368766691107,120400,133808.48657615,11.1366167575995,,,,
1035,HKG JFK,14.66666667,79300,119600,10700,176919,212480,8202,6882,341880,90,4,2017,12,28,223180,Long,0.797255879683968,0.847247296576899,118700,133607.353355631,12.558848656808,,,,
1036,HKG JFK,14.63333333,79400,117600,9800,175980,212264,8202,6885,339164,90,3,2017,12,28,222064,Long,0.799420284014555,0.849177245247103,117100,132301.309285128,12.9814767592895,,,,
1037,HKG JFK,14.6,79500,115400,8900,175825,207767,8259,6886.6,331367,94,4,2017,12,29,216667,Long,0.801431645092372,0.857030857427671,114700,128706.065664218,12.2110424273912,,,,
1038,HKG JFK,14.85,79000,119100,9500,176167,207522,8259,6937.35,335422,89,3,2017,12,29,217022,Long,0.793746158836067,0.842602728514748,118400,129944.463765812,9.75039169409799,,,,
1039,HKG JFK,14.88333333,79900,117400,9100,177207,208169,8259,6979.033334,334069,86,3,2017,12,29,217269,Long,0.796727024878043,0.840715600531672,116800,129725.585455584,11.0664259037532,,,,
1040,HKG JFK,14.9,79200,121400,14300,176967,208219,8236,7029.1,343219,81,3,2017,12,30,222519,Long,0.801545052644542,0.837436562350162,120700,133230.903637328,10.3818588544555,,,,
1041,HKG JFK,15.13333333,79200,123200,7900,177049,212965,8228,7017.333334,343365,80,3,2017,12,30,220865,Long,0.787865335853965,0.823723646998103,122500,134158.629955999,9.51724894367287,,,,
1042,HKG JFK,15.43333333,78800,125600,6100,177137,214558,8228,7024.2,345458,78,3,2017,12,30,220658,Long,0.773306422213993,0.807711740249542,124800,141368.678950508,13.2761850564969,,,,
1043,HKG JFK,14.91666667,79000,120400,7300,176142,212498,8290,7081.75,339698,81,2,2017,12,31,219798,Long,0.806646568391316,0.841985464508771,119900,131646.924119857,9.79726782306709,,,,
1044,HKG JFK,15.36666667,78800,126900,8500,176979,216457,8225,7256.9,351257,63,1,2017,12,31,224957,Long,0.802390821510621,0.81092013596587,126300,135065.574932622,6.94028102345388,,,,
1045,HKG JFK,15.13333333,79200,125200,8600,177354,217628,7643,7189,351028,30,-3,2017,12,31,226228,Long,0.807139069824868,0.765157976908909,124800,122986.58952262,-1.45305326713152,,,,
